-1.29E-03,0,8.00E-02
-1.29E-03,0,8.00E-02
-1.29E-03,0,8.00E-02
-1.29E-03,0,8.00E-02
-1.29E-03,0,8.00E-02
-1.29E-03,0,8.00E-02
-1.28E-03,0,4.00E-02
-1.28E-03,0,4.00E-02
-1.28E-03,0,4.00E-02
-1.28E-03,0,4.00E-02
-1.28E-03,0,0
-1.28E-03,0,0
-1.28E-03,0,-4.00E-02
-1.28E-03,0,-4.00E-02
-1.28E-03,0,-4.00E-02
-1.28E-03,0,-4.00E-02
-1.27E-03,0,0
-1.27E-03,0,-4.00E-02
-1.27E-03,0,0
-1.27E-03,0,0
-1.27E-03,0,0
-1.27E-03,0,0
-1.27E-03,0,0
-1.27E-03,0,4.00E-02
-1.27E-03,0,4.00E-02
-1.27E-03,0,0
-1.26E-03,0,4.00E-02
-1.26E-03,0,4.00E-02
-1.26E-03,0,4.00E-02
-1.26E-03,0,4.00E-02
-1.26E-03,0,4.00E-02
-1.26E-03,0,4.00E-02
-1.26E-03,0,0
-1.26E-03,0,4.00E-02
-1.26E-03,0,4.00E-02
-1.26E-03,0,4.00E-02
-1.25E-03,-4.00E-02,4.00E-02
-1.25E-03,0,4.00E-02
-1.25E-03,0,4.00E-02
-1.25E-03,0,4.00E-02
-1.25E-03,-4.00E-02,4.00E-02
-1.25E-03,0,4.00E-02
-1.25E-03,0,4.00E-02
-1.25E-03,0,0
-1.25E-03,0,-4.00E-02
-1.25E-03,0,-4.00E-02
-1.24E-03,0,-4.00E-02
-1.24E-03,0,-4.00E-02
-1.24E-03,0,0
-1.24E-03,0,-4.00E-02
-1.24E-03,0,-4.00E-02
-1.24E-03,0,-4.00E-02
-1.24E-03,0,0
-1.24E-03,0,0
-1.24E-03,0,0
-1.24E-03,0,0
-1.23E-03,0,4.00E-02
-1.23E-03,0,4.00E-02
-1.23E-03,0,4.00E-02
-1.23E-03,0,8.00E-02
-1.23E-03,0,8.00E-02
-1.23E-03,0,8.00E-02
-1.23E-03,-4.00E-02,4.00E-02
-1.23E-03,0,8.00E-02
-1.23E-03,0,4.00E-02
-1.23E-03,0,4.00E-02
-1.22E-03,0,4.00E-02
-1.22E-03,0,0
-1.22E-03,0,4.00E-02
-1.22E-03,0,0
-1.22E-03,0,0
-1.22E-03,0,4.00E-02
-1.22E-03,0,0
-1.22E-03,0,4.00E-02
-1.22E-03,0,0
-1.22E-03,0,0
-1.21E-03,0,0
-1.21E-03,0,0
-1.21E-03,0,0
-1.21E-03,0,0
-1.21E-03,0,0
-1.21E-03,0,-4.00E-02
-1.21E-03,0,0
-1.21E-03,0,0
-1.21E-03,0,0
-1.21E-03,0,0
-1.20E-03,-4.00E-02,-4.00E-02
-1.20E-03,0,0
-1.20E-03,0,0
-1.20E-03,0,4.00E-02
-1.20E-03,0,0
-1.20E-03,0,4.00E-02
-1.20E-03,0,4.00E-02
-1.20E-03,0,8.00E-02
-1.20E-03,0,4.00E-02
-1.20E-03,0,8.00E-02
-1.19E-03,0,8.00E-02
-1.19E-03,0,8.00E-02
-1.19E-03,0,8.00E-02
-1.19E-03,0,8.00E-02
-1.19E-03,0,4.00E-02
-1.19E-03,0,4.00E-02
-1.19E-03,0,0
-1.19E-03,0,4.00E-02
-1.19E-03,0,0
-1.19E-03,0,0
-1.18E-03,0,0
-1.18E-03,0,-4.00E-02
-1.18E-03,0,0
-1.18E-03,0,-4.00E-02
-1.18E-03,0,-4.00E-02
-1.18E-03,0,0
-1.18E-03,0,0
-1.18E-03,0,0
-1.18E-03,0,0
-1.18E-03,0,0
-1.17E-03,0,0
-1.17E-03,0,4.00E-02
-1.17E-03,0,4.00E-02
-1.17E-03,0,0
-1.17E-03,0,4.00E-02
-1.17E-03,0,0
-1.17E-03,0,4.00E-02
-1.17E-03,0,4.00E-02
-1.17E-03,0,4.00E-02
-1.17E-03,0,4.00E-02
-1.16E-03,0,4.00E-02
-1.16E-03,0,4.00E-02
-1.16E-03,0,4.00E-02
-1.16E-03,0,4.00E-02
-1.16E-03,0,4.00E-02
-1.16E-03,0,4.00E-02
-1.16E-03,0,8.00E-02
-1.16E-03,0,8.00E-02
-1.16E-03,0,4.00E-02
-1.16E-03,0,4.00E-02
-1.15E-03,0,0
-1.15E-03,0,0
-1.15E-03,0,0
-1.15E-03,0,0
-1.15E-03,0,-4.00E-02
-1.15E-03,0,-4.00E-02
-1.15E-03,0,-4.00E-02
-1.15E-03,0,-4.00E-02
-1.15E-03,0,-4.00E-02
-1.15E-03,0,-4.00E-02
-1.14E-03,0,0
-1.14E-03,0,0
-1.14E-03,0,4.00E-02
-1.14E-03,0,4.00E-02
-1.14E-03,0,4.00E-02
-1.14E-03,0,4.00E-02
-1.14E-03,0,4.00E-02
-1.14E-03,0,4.00E-02
-1.14E-03,0,8.00E-02
-1.14E-03,0,8.00E-02
-1.13E-03,0,4.00E-02
-1.13E-03,0,4.00E-02
-1.13E-03,0,4.00E-02
-1.13E-03,0,4.00E-02
-1.13E-03,0,4.00E-02
-1.13E-03,0,0
-1.13E-03,0,4.00E-02
-1.13E-03,0,4.00E-02
-1.13E-03,0,0
-1.13E-03,0,0
-1.12E-03,0,0
-1.12E-03,0,0
-1.12E-03,0,0
-1.12E-03,0,0
-1.12E-03,0,0
-1.12E-03,0,0
-1.12E-03,0,0
-1.12E-03,0,0
-1.12E-03,0,0
-1.12E-03,0,-4.00E-02
-1.11E-03,0,0
-1.11E-03,0,-4.00E-02
-1.11E-03,0,-4.00E-02
-1.11E-03,0,0
-1.11E-03,0,0
-1.11E-03,0,0
-1.11E-03,0,0
-1.11E-03,0,0
-1.11E-03,0,4.00E-02
-1.11E-03,0,4.00E-02
-1.10E-03,0,8.00E-02
-1.10E-03,0,8.00E-02
-1.10E-03,0,8.00E-02
-1.10E-03,0,8.00E-02
-1.10E-03,0,8.00E-02
-1.10E-03,0,8.00E-02
-1.10E-03,0,4.00E-02
-1.10E-03,0,8.00E-02
-1.10E-03,0,4.00E-02
-1.10E-03,0,4.00E-02
-1.09E-03,0,4.00E-02
-1.09E-03,0,0
-1.09E-03,0,0
-1.09E-03,0,-4.00E-02
-1.09E-03,0,-4.00E-02
-1.09E-03,0,0
-1.09E-03,0,0
-1.09E-03,0,-4.00E-02
-1.09E-03,0,-4.00E-02
-1.09E-03,0,0
-1.08E-03,-4.00E-02,0
-1.08E-03,0,0
-1.08E-03,0,4.00E-02
-1.08E-03,0,0
-1.08E-03,0,0
-1.08E-03,0,0
-1.08E-03,0,0
-1.08E-03,0,4.00E-02
-1.08E-03,0,4.00E-02
-1.08E-03,0,4.00E-02
-1.07E-03,0,0
-1.07E-03,0,4.00E-02
-1.07E-03,0,4.00E-02
-1.07E-03,0,4.00E-02
-1.07E-03,0,8.00E-02
-1.07E-03,0,4.00E-02
-1.07E-03,0,8.00E-02
-1.07E-03,0,4.00E-02
-1.07E-03,0,4.00E-02
-1.07E-03,0,8.00E-02
-1.06E-03,0,8.00E-02
-1.06E-03,0,4.00E-02
-1.06E-03,0,4.00E-02
-1.06E-03,0,4.00E-02
-1.06E-03,-4.00E-02,0
-1.06E-03,0,0
-1.06E-03,0,0
-1.06E-03,0,-4.00E-02
-1.06E-03,0,-4.00E-02
-1.06E-03,0,-4.00E-02
-1.05E-03,0,-4.00E-02
-1.05E-03,0,-4.00E-02
-1.05E-03,0,-4.00E-02
-1.05E-03,0,-4.00E-02
-1.05E-03,0,0
-1.05E-03,0,0
-1.05E-03,0,4.00E-02
-1.05E-03,0,0
-1.05E-03,0,4.00E-02
-1.05E-03,0,4.00E-02
-1.04E-03,0,8.00E-02
-1.04E-03,0,4.00E-02
-1.04E-03,0,4.00E-02
-1.04E-03,0,8.00E-02
-1.04E-03,0,4.00E-02
-1.04E-03,0,8.00E-02
-1.04E-03,0,8.00E-02
-1.04E-03,0,4.00E-02
-1.04E-03,0,4.00E-02
-1.04E-03,0,0
-1.03E-03,0,4.00E-02
-1.03E-03,0,4.00E-02
-1.03E-03,0,4.00E-02
-1.03E-03,0,4.00E-02
-1.03E-03,0,4.00E-02
-1.03E-03,0,4.00E-02
-1.03E-03,0,0
-1.03E-03,0,0
-1.03E-03,0,0
-1.03E-03,0,0
-1.02E-03,0,0
-1.02E-03,0,0
-1.02E-03,0,-4.00E-02
-1.02E-03,0,-4.00E-02
-1.02E-03,0,0
-1.02E-03,0,-4.00E-02
-1.02E-03,0,-4.00E-02
-1.02E-03,0,-4.00E-02
-1.02E-03,0,0
-1.02E-03,0,4.00E-02
-1.01E-03,0,0
-1.01E-03,0,4.00E-02
-1.01E-03,0,8.00E-02
-1.01E-03,0,8.00E-02
-1.01E-03,0,4.00E-02
-1.01E-03,0,8.00E-02
-1.01E-03,0,8.00E-02
-1.01E-03,0,8.00E-02
-1.01E-03,0,8.00E-02
-1.01E-03,0,8.00E-02
-1.00E-03,0,4.00E-02
-1.00E-03,0,4.00E-02
-1.00E-03,0,4.00E-02
-1.00E-03,0,4.00E-02
-1.00E-03,0,0
-9.99E-04,0,-4.00E-02
-9.98E-04,0,0
-9.97E-04,0,0
-9.96E-04,0,0
-9.95E-04,0,0
-9.94E-04,0,0
-9.93E-04,0,-4.00E-02
-9.92E-04,0,0
-9.91E-04,0,0
-9.90E-04,0,0
-9.89E-04,0,0
-9.88E-04,0,0
-9.87E-04,0,0
-9.86E-04,0,0
-9.85E-04,0,0
-9.84E-04,0,0
-9.83E-04,0,0
-9.82E-04,0,4.00E-02
-9.81E-04,0,4.00E-02
-9.80E-04,0,4.00E-02
-9.79E-04,0,4.00E-02
-9.78E-04,0,4.00E-02
-9.77E-04,0,4.00E-02
-9.76E-04,0,4.00E-02
-9.75E-04,0,4.00E-02
-9.74E-04,0,8.00E-02
-9.73E-04,0,8.00E-02
-9.72E-04,0,8.00E-02
-9.71E-04,0,8.00E-02
-9.70E-04,0,4.00E-02
-9.69E-04,0,4.00E-02
-9.68E-04,0,4.00E-02
-9.67E-04,0,0
-9.66E-04,0,0
-9.65E-04,0,0
-9.64E-04,0,0
-9.63E-04,0,0
-9.62E-04,0,-4.00E-02
-9.61E-04,0,-4.00E-02
-9.60E-04,0,0
-9.59E-04,0,-4.00E-02
-9.58E-04,0,-4.00E-02
-9.57E-04,0,0
-9.56E-04,0,0
-9.55E-04,0,0
-9.54E-04,0,4.00E-02
-9.53E-04,0,8.00E-02
-9.52E-04,0,4.00E-02
-9.51E-04,0,4.00E-02
-9.50E-04,0,4.00E-02
-9.49E-04,0,4.00E-02
-9.48E-04,0,8.00E-02
-9.47E-04,0,4.00E-02
-9.46E-04,0,4.00E-02
-9.45E-04,0,4.00E-02
-9.44E-04,4.00E-02,4.00E-02
-9.43E-04,0,4.00E-02
-9.42E-04,0,0
-9.41E-04,0,4.00E-02
-9.40E-04,0,4.00E-02
-9.39E-04,0,4.00E-02
-9.38E-04,0,0
-9.37E-04,0,0
-9.36E-04,0,0
-9.35E-04,0,4.00E-02
-9.34E-04,0,4.00E-02
-9.33E-04,0,4.00E-02
-9.32E-04,0,0
-9.31E-04,0,0
-9.30E-04,0,0
-9.29E-04,0,-4.00E-02
-9.28E-04,0,0
-9.27E-04,0,-4.00E-02
-9.26E-04,0,-4.00E-02
-9.25E-04,0,-4.00E-02
-9.24E-04,0,-4.00E-02
-9.23E-04,4.00E-02,0
-9.22E-04,0,4.00E-02
-9.21E-04,0,4.00E-02
-9.20E-04,0,4.00E-02
-9.19E-04,0,4.00E-02
-9.18E-04,0,4.00E-02
-9.17E-04,0,4.00E-02
-9.16E-04,4.00E-02,8.00E-02
-9.15E-04,0,8.00E-02
-9.14E-04,0,8.00E-02
-9.13E-04,0,8.00E-02
-9.12E-04,0,8.00E-02
-9.11E-04,0,8.00E-02
-9.10E-04,0,4.00E-02
-9.09E-04,0,4.00E-02
-9.08E-04,0,0
-9.07E-04,0,0
-9.06E-04,0,0
-9.05E-04,0,0
-9.04E-04,0,0
-9.03E-04,0,0
-9.02E-04,0,0
-9.01E-04,4.00E-02,0
-9.00E-04,0,0
-8.99E-04,0,0
-8.98E-04,0,0
-8.97E-04,0,0
-8.96E-04,0,4.00E-02
-8.95E-04,0,0
-8.94E-04,0,4.00E-02
-8.93E-04,0,0
-8.92E-04,0,4.00E-02
-8.91E-04,0,0
-8.90E-04,0,0
-8.89E-04,0,4.00E-02
-8.88E-04,0,0
-8.87E-04,0,0
-8.86E-04,0,4.00E-02
-8.85E-04,0,4.00E-02
-8.84E-04,0,4.00E-02
-8.83E-04,0,8.00E-02
-8.82E-04,0,4.00E-02
-8.81E-04,0,8.00E-02
-8.80E-04,0,8.00E-02
-8.79E-04,0,8.00E-02
-8.78E-04,0,4.00E-02
-8.77E-04,0,4.00E-02
-8.76E-04,0,4.00E-02
-8.75E-04,0,4.00E-02
-8.74E-04,0,4.00E-02
-8.73E-04,0,4.00E-02
-8.72E-04,0,0
-8.71E-04,0,0
-8.70E-04,0,-4.00E-02
-8.69E-04,0,-4.00E-02
-8.68E-04,0,-4.00E-02
-8.67E-04,0,-4.00E-02
-8.66E-04,0,-4.00E-02
-8.65E-04,0,0
-8.64E-04,0,0
-8.63E-04,0,0
-8.62E-04,0,4.00E-02
-8.61E-04,0,4.00E-02
-8.60E-04,0,4.00E-02
-8.59E-04,0,4.00E-02
-8.58E-04,0,4.00E-02
-8.57E-04,0,8.00E-02
-8.56E-04,0,8.00E-02
-8.55E-04,0,4.00E-02
-8.54E-04,0,4.00E-02
-8.53E-04,0,4.00E-02
-8.52E-04,0,8.00E-02
-8.51E-04,0,4.00E-02
-8.50E-04,0,4.00E-02
-8.49E-04,0,4.00E-02
-8.48E-04,0,4.00E-02
-8.47E-04,0,4.00E-02
-8.46E-04,0,4.00E-02
-8.45E-04,0,4.00E-02
-8.44E-04,0,4.00E-02
-8.43E-04,0,4.00E-02
-8.42E-04,0,8.00E-02
-8.41E-04,0,4.00E-02
-8.40E-04,0,4.00E-02
-8.39E-04,0,0
-8.38E-04,0,0
-8.37E-04,0,0
-8.36E-04,0,0
-8.35E-04,0,0
-8.34E-04,0,0
-8.33E-04,0,0
-8.32E-04,0,0
-8.31E-04,0,-4.00E-02
-8.30E-04,0,0
-8.29E-04,0,0
-8.28E-04,0,0
-8.27E-04,0,4.00E-02
-8.26E-04,0,4.00E-02
-8.25E-04,0,8.00E-02
-8.24E-04,0,8.00E-02
-8.23E-04,0,8.00E-02
-8.22E-04,0,8.00E-02
-8.21E-04,0,8.00E-02
-8.20E-04,0,8.00E-02
-8.19E-04,0,8.00E-02
-8.18E-04,0,4.00E-02
-8.17E-04,0,8.00E-02
-8.16E-04,0,4.00E-02
-8.15E-04,0,4.00E-02
-8.14E-04,0,4.00E-02
-8.13E-04,0,0
-8.12E-04,0,0
-8.11E-04,0,0
-8.10E-04,4.00E-02,0
-8.09E-04,0,0
-8.08E-04,0,0
-8.07E-04,0,0
-8.06E-04,0,0
-8.05E-04,0,0
-8.04E-04,0,0
-8.03E-04,0,0
-8.02E-04,0,0
-8.01E-04,0,0
-8.00E-04,0,0
-7.99E-04,0,0
-7.98E-04,0,0
-7.97E-04,0,0
-7.96E-04,0,4.00E-02
-7.95E-04,0,4.00E-02
-7.94E-04,0,4.00E-02
-7.93E-04,0,0
-7.92E-04,0,4.00E-02
-7.91E-04,0,4.00E-02
-7.90E-04,0,4.00E-02
-7.89E-04,0,8.00E-02
-7.88E-04,0,4.00E-02
-7.87E-04,0,8.00E-02
-7.86E-04,0,8.00E-02
-7.85E-04,0,8.00E-02
-7.84E-04,0,8.00E-02
-7.83E-04,0,8.00E-02
-7.82E-04,0,8.00E-02
-7.81E-04,0,4.00E-02
-7.80E-04,0,4.00E-02
-7.79E-04,0,0
-7.78E-04,0,0
-7.77E-04,0,0
-7.76E-04,0,0
-7.75E-04,0,-4.00E-02
-7.74E-04,0,-4.00E-02
-7.73E-04,0,0
-7.72E-04,0,0
-7.71E-04,0,0
-7.70E-04,0,4.00E-02
-7.69E-04,0,4.00E-02
-7.68E-04,0,4.00E-02
-7.67E-04,0,4.00E-02
-7.66E-04,0,4.00E-02
-7.65E-04,0,4.00E-02
-7.64E-04,4.00E-02,4.00E-02
-7.63E-04,0,8.00E-02
-7.62E-04,0,8.00E-02
-7.61E-04,0,4.00E-02
-7.60E-04,0,8.00E-02
-7.59E-04,0,4.00E-02
-7.58E-04,0,4.00E-02
-7.57E-04,0,4.00E-02
-7.56E-04,0,4.00E-02
-7.55E-04,0,4.00E-02
-7.54E-04,0,4.00E-02
-7.53E-04,0,4.00E-02
-7.52E-04,0,4.00E-02
-7.51E-04,4.00E-02,4.00E-02
-7.50E-04,0,4.00E-02
-7.49E-04,0,4.00E-02
-7.48E-04,0,4.00E-02
-7.47E-04,0,4.00E-02
-7.46E-04,0,4.00E-02
-7.45E-04,0,4.00E-02
-7.44E-04,0,0
-7.43E-04,0,0
-7.42E-04,0,0
-7.41E-04,0,0
-7.40E-04,0,0
-7.39E-04,0,-4.00E-02
-7.38E-04,0,0
-7.37E-04,4.00E-02,-4.00E-02
-7.36E-04,0,0
-7.35E-04,0,0
-7.34E-04,0,4.00E-02
-7.33E-04,0,4.00E-02
-7.32E-04,0,8.00E-02
-7.31E-04,0,8.00E-02
-7.30E-04,0,8.00E-02
-7.29E-04,0,8.00E-02
-7.28E-04,0,3.60E-01
-7.27E-04,4.00E-02,1.76
-7.26E-04,0,2.28
-7.25E-04,0,2.5599999
-7.24E-04,0,2.72000003
-7.23E-04,0,2.83999991
-7.22E-04,0,2.87999988
-7.21E-04,0,3
-7.20E-04,0,2.96000004
-7.19E-04,0,3
-7.18E-04,0,3
-7.17E-04,0,3
-7.16E-04,0,3
-7.15E-04,0,3
-7.14E-04,0,2.96000004
-7.13E-04,0,3
-7.12E-04,0,3
-7.11E-04,0,3
-7.10E-04,0,3
-7.09E-04,0,3
-7.08E-04,0,3
-7.07E-04,0,3
-7.06E-04,0,2.96000004
-7.05E-04,0,2.96000004
-7.04E-04,0,3
-7.03E-04,0,3
-7.02E-04,0,3
-7.01E-04,0,3
-7.00E-04,0,3
-6.99E-04,0,2.96000004
-6.98E-04,0,2.96000004
-6.97E-04,0,2.96000004
-6.96E-04,0,3
-6.95E-04,0,3
-6.94E-04,0,2.96000004
-6.93E-04,4.00E-02,2.96000004
-6.92E-04,0,3
-6.91E-04,0,3
-6.90E-04,4.00E-02,3
-6.89E-04,0,3
-6.88E-04,0,3
-6.87E-04,0,3
-6.86E-04,0,3
-6.85E-04,0,2.96000004
-6.84E-04,0,3
-6.83E-04,0,3
-6.82E-04,0,3
-6.81E-04,4.00E-02,3
-6.80E-04,0,2.96000004
-6.79E-04,0,3
-6.78E-04,0,3
-6.77E-04,0,3
-6.76E-04,0,3
-6.75E-04,0,3
-6.74E-04,0,2.96000004
-6.73E-04,0,3
-6.72E-04,0,3
-6.71E-04,0,3
-6.70E-04,0,3
-6.69E-04,4.00E-02,3
-6.68E-04,0,2.96000004
-6.67E-04,0,3
-6.66E-04,0,3
-6.65E-04,0,3
-6.64E-04,0,3
-6.63E-04,4.00E-02,3
-6.62E-04,0,3
-6.61E-04,0,3
-6.60E-04,0,3
-6.59E-04,0,3
-6.58E-04,0,3
-6.57E-04,0,3
-6.56E-04,0,3
-6.55E-04,0,3
-6.54E-04,0,3
-6.53E-04,0,3
-6.52E-04,0,3
-6.51E-04,0,3
-6.50E-04,0,3
-6.49E-04,0,3
-6.48E-04,0,2.96000004
-6.47E-04,0,3
-6.46E-04,0,2.96000004
-6.45E-04,0,2.96000004
-6.44E-04,0,3
-6.43E-04,0,3
-6.42E-04,0,3
-6.41E-04,0,2.96000004
-6.40E-04,0,3
-6.39E-04,0,3
-6.38E-04,4.00E-02,3
-6.37E-04,0,3
-6.36E-04,0,3
-6.35E-04,0,3
-6.34E-04,0,3
-6.33E-04,0,3
-6.32E-04,0,3
-6.31E-04,0,3
-6.30E-04,4.00E-02,3
-6.29E-04,4.00E-02,3
-6.28E-04,4.00E-02,2.96000004
-6.27E-04,0,3
-6.26E-04,4.00E-02,3
-6.25E-04,0,3
-6.24E-04,0,3
-6.23E-04,0,3
-6.22E-04,0,3
-6.21E-04,0,3
-6.20E-04,0,3
-6.19E-04,0,2.96000004
-6.18E-04,0,3
-6.17E-04,0,3
-6.16E-04,0,3
-6.15E-04,0,3
-6.14E-04,0,3
-6.13E-04,0,3
-6.12E-04,0,3
-6.11E-04,0,2.96000004
-6.10E-04,0,3
-6.09E-04,0,2.96000004
-6.08E-04,4.00E-02,3
-6.07E-04,0,3
-6.06E-04,0,3
-6.05E-04,0,3
-6.04E-04,0,3
-6.03E-04,0,3
-6.02E-04,0,3
-6.01E-04,0,3
-6.00E-04,0,3
-5.99E-04,0,3
-5.98E-04,0,3
-5.97E-04,0,3
-5.96E-04,4.00E-02,3
-5.95E-04,4.00E-02,3
-5.94E-04,0,3
-5.93E-04,0,3
-5.92E-04,0,3
-5.91E-04,0,3
-5.90E-04,0,3
-5.89E-04,0,3
-5.88E-04,0,3
-5.87E-04,0,3
-5.86E-04,0,3
-5.85E-04,0,3
-5.84E-04,0,3
-5.83E-04,0,3
-5.82E-04,0,3
-5.81E-04,0,3
-5.80E-04,4.00E-02,3
-5.79E-04,0,3
-5.78E-04,0,3
-5.77E-04,0,3
-5.76E-04,0,3
-5.75E-04,0,3
-5.74E-04,0,2.96000004
-5.73E-04,0,2.96000004
-5.72E-04,0,3
-5.71E-04,0,3
-5.70E-04,0,2.96000004
-5.69E-04,4.00E-02,3
-5.68E-04,0,3
-5.67E-04,0,3
-5.66E-04,0,3
-5.65E-04,0,3
-5.64E-04,0,3
-5.63E-04,4.00E-02,3
-5.62E-04,0,3
-5.61E-04,0,3
-5.60E-04,0,3
-5.59E-04,0,3
-5.58E-04,0,3
-5.57E-04,0,2.96000004
-5.56E-04,0,3
-5.55E-04,0,3
-5.54E-04,0,3
-5.53E-04,0,3
-5.52E-04,0,3
-5.51E-04,0,3
-5.50E-04,0,3
-5.49E-04,0,3
-5.48E-04,4.00E-02,3
-5.47E-04,0,3
-5.46E-04,0,3
-5.45E-04,0,3
-5.44E-04,0,2.96000004
-5.43E-04,0,3
-5.42E-04,4.00E-02,3
-5.41E-04,0,2.96000004
-5.40E-04,0,3
-5.39E-04,0,3
-5.38E-04,0,2.96000004
-5.37E-04,0,3
-5.36E-04,0,2.96000004
-5.35E-04,0,2.96000004
-5.34E-04,0,3
-5.33E-04,0,3
-5.32E-04,0,3
-5.31E-04,0,3
-5.30E-04,0,3
-5.29E-04,0,3
-5.28E-04,0,3
-5.27E-04,0,3
-5.26E-04,0,3
-5.25E-04,0,2.96000004
-5.24E-04,0,3
-5.23E-04,0,2.96000004
-5.22E-04,0,3
-5.21E-04,0,3
-5.20E-04,0,3
-5.19E-04,4.00E-02,3
-5.18E-04,0,2.96000004
-5.17E-04,0,3
-5.16E-04,4.00E-02,2.96000004
-5.15E-04,0,3
-5.14E-04,0,3
-5.13E-04,0,3
-5.12E-04,0,3
-5.11E-04,0,3
-5.10E-04,0,3
-5.09E-04,0,3
-5.08E-04,0,3
-5.07E-04,0,3
-5.06E-04,0,3
-5.05E-04,0,2.96000004
-5.04E-04,0,3
-5.03E-04,0,3
-5.02E-04,4.00E-02,3
-5.01E-04,0,3
-5.00E-04,0,3
-4.99E-04,0,2.96000004
-4.98E-04,0,3
-4.97E-04,0,3
-4.96E-04,0,3
-4.95E-04,0,3
-4.94E-04,0,3
-4.93E-04,0,2.96000004
-4.92E-04,0,2.96000004
-4.91E-04,0,3
-4.90E-04,0,3
-4.89E-04,0,3
-4.88E-04,0,3
-4.87E-04,0,2.96000004
-4.86E-04,0,3
-4.85E-04,0,3
-4.84E-04,0,3
-4.83E-04,0,3
-4.82E-04,0,3
-4.81E-04,0,3
-4.80E-04,0,2.96000004
-4.79E-04,0,3
-4.78E-04,0,3
-4.77E-04,0,2.96000004
-4.76E-04,0,3
-4.75E-04,0,3
-4.74E-04,0,3
-4.73E-04,0,2.96000004
-4.72E-04,4.00E-02,2.96000004
-4.71E-04,0,3
-4.70E-04,0,3
-4.69E-04,0,3
-4.68E-04,0,3
-4.67E-04,4.00E-02,3
-4.66E-04,0,3
-4.65E-04,0,3
-4.64E-04,0,3
-4.63E-04,0,3
-4.62E-04,0,3
-4.61E-04,0,3
-4.60E-04,0,3
-4.59E-04,0,3
-4.58E-04,0,3
-4.57E-04,4.00E-02,2.96000004
-4.56E-04,0,3
-4.55E-04,0,3
-4.54E-04,0,3
-4.53E-04,0,3
-4.52E-04,0,3
-4.51E-04,0,3
-4.50E-04,0,3
-4.49E-04,4.00E-02,3
-4.48E-04,4.00E-02,2.96000004
-4.47E-04,0,3
-4.46E-04,0,3
-4.45E-04,0,3
-4.44E-04,0,3
-4.43E-04,0,3
-4.42E-04,0,3
-4.41E-04,0,3
-4.40E-04,0,3
-4.39E-04,0,3
-4.38E-04,0,3
-4.37E-04,0,3
-4.36E-04,0,3
-4.35E-04,0,3
-4.34E-04,0,3
-4.33E-04,0,2.96000004
-4.32E-04,0,3
-4.31E-04,0,3
-4.30E-04,4.00E-02,3
-4.29E-04,0,3
-4.28E-04,4.00E-02,3
-4.27E-04,0,2.96000004
-4.26E-04,0,3
-4.25E-04,0,3
-4.24E-04,0,3
-4.23E-04,0,3
-4.22E-04,0,2.96000004
-4.21E-04,0,3
-4.20E-04,0,3
-4.19E-04,0,3
-4.18E-04,0,2.96000004
-4.17E-04,0,3
-4.16E-04,0,3
-4.15E-04,0,3
-4.14E-04,0,3
-4.13E-04,0,3
-4.12E-04,0,3
-4.11E-04,4.00E-02,2.96000004
-4.10E-04,0,3
-4.09E-04,4.00E-02,3
-4.08E-04,0,3
-4.07E-04,0,3
-4.06E-04,4.00E-02,2.96000004
-4.05E-04,0,3
-4.04E-04,4.00E-02,3
-4.03E-04,0,3
-4.02E-04,0,3
-4.01E-04,0,3
-4.00E-04,4.00E-02,3
-3.99E-04,0,3
-3.98E-04,0,3
-3.97E-04,0,2.96000004
-3.96E-04,4.00E-02,3
-3.95E-04,0,3
-3.94E-04,4.00E-02,3
-3.93E-04,0,3
-3.92E-04,4.00E-02,3
-3.91E-04,4.00E-02,3
-3.90E-04,4.00E-02,3
-3.89E-04,4.00E-02,3
-3.88E-04,4.00E-02,3
-3.87E-04,0,2.96000004
-3.86E-04,4.00E-02,3
-3.85E-04,4.00E-02,3
-3.84E-04,0,2.96000004
-3.83E-04,4.00E-02,3
-3.82E-04,4.00E-02,3
-3.81E-04,4.00E-02,3
-3.80E-04,4.00E-02,3
-3.79E-04,0,2.96000004
-3.78E-04,4.00E-02,3
-3.77E-04,4.00E-02,3
-3.76E-04,4.00E-02,3
-3.75E-04,4.00E-02,3
-3.74E-04,4.00E-02,3
-3.73E-04,4.00E-02,3
-3.72E-04,4.00E-02,2.96000004
-3.71E-04,4.00E-02,3
-3.70E-04,4.00E-02,3
-3.69E-04,4.00E-02,3
-3.68E-04,4.00E-02,3
-3.67E-04,4.00E-02,3
-3.66E-04,4.00E-02,3
-3.65E-04,4.00E-02,2.96000004
-3.64E-04,4.00E-02,3
-3.63E-04,4.00E-02,3
-3.62E-04,4.00E-02,3
-3.61E-04,4.00E-02,3
-3.60E-04,4.00E-02,3
-3.59E-04,4.00E-02,3
-3.58E-04,4.00E-02,3
-3.57E-04,4.00E-02,2.96000004
-3.56E-04,8.00E-02,3
-3.55E-04,4.00E-02,3
-3.54E-04,4.00E-02,3
-3.53E-04,4.00E-02,3
-3.52E-04,4.00E-02,2.96000004
-3.51E-04,4.00E-02,2.96000004
-3.50E-04,8.00E-02,3
-3.49E-04,4.00E-02,3
-3.48E-04,8.00E-02,3
-3.47E-04,8.00E-02,3
-3.46E-04,4.00E-02,3
-3.45E-04,8.00E-02,3
-3.44E-04,8.00E-02,2.96000004
-3.43E-04,8.00E-02,3
-3.42E-04,8.00E-02,3
-3.41E-04,8.00E-02,3
-3.40E-04,8.00E-02,3
-3.39E-04,8.00E-02,3
-3.38E-04,8.00E-02,3
-3.37E-04,8.00E-02,3
-3.36E-04,8.00E-02,3
-3.35E-04,1.20E-01,3
-3.34E-04,8.00E-02,3
-3.33E-04,8.00E-02,3
-3.32E-04,1.20E-01,3
-3.31E-04,8.00E-02,2.96000004
-3.30E-04,1.20E-01,3
-3.29E-04,8.00E-02,3
-3.28E-04,8.00E-02,3
-3.27E-04,1.20E-01,2.96000004
-3.26E-04,1.20E-01,2.96000004
-3.25E-04,1.20E-01,3
-3.24E-04,1.20E-01,3
-3.23E-04,1.20E-01,3
-3.22E-04,1.20E-01,3
-3.21E-04,1.20E-01,3
-3.20E-04,1.20E-01,3
-3.19E-04,1.20E-01,3
-3.18E-04,1.20E-01,2.96000004
-3.17E-04,1.20E-01,2.96000004
-3.16E-04,1.20E-01,2.96000004
-3.15E-04,1.20E-01,2.96000004
-3.14E-04,1.20E-01,3
-3.13E-04,1.20E-01,3
-3.12E-04,1.20E-01,3
-3.11E-04,1.60E-01,3
-3.10E-04,1.60E-01,3
-3.09E-04,1.20E-01,2.96000004
-3.08E-04,1.20E-01,2.96000004
-3.07E-04,1.60E-01,3
-3.06E-04,1.20E-01,2.96000004
-3.05E-04,1.60E-01,3
-3.04E-04,1.60E-01,3
-3.03E-04,1.60E-01,2.96000004
-3.02E-04,1.60E-01,3
-3.01E-04,1.60E-01,3
-3.00E-04,1.60E-01,3
-2.99E-04,1.60E-01,3
-2.98E-04,1.60E-01,3
-2.97E-04,1.60E-01,3
-2.96E-04,1.60E-01,3
-2.95E-04,1.60E-01,3
-2.94E-04,1.60E-01,2.96000004
-2.93E-04,2.00E-01,3
-2.92E-04,1.60E-01,3
-2.91E-04,2.00E-01,3
-2.90E-04,2.00E-01,3
-2.89E-04,2.00E-01,3
-2.88E-04,2.00E-01,3
-2.87E-04,2.00E-01,3
-2.86E-04,2.00E-01,3
-2.85E-04,2.00E-01,3
-2.84E-04,2.00E-01,3
-2.83E-04,2.40E-01,3
-2.82E-04,2.40E-01,3
-2.81E-04,2.40E-01,3
-2.80E-04,2.40E-01,3
-2.79E-04,2.40E-01,3
-2.78E-04,2.40E-01,3
-2.77E-04,2.40E-01,3
-2.76E-04,2.40E-01,3
-2.75E-04,2.40E-01,3
-2.74E-04,2.40E-01,3
-2.73E-04,2.40E-01,3
-2.72E-04,2.80E-01,3
-2.71E-04,2.80E-01,3
-2.70E-04,2.80E-01,3
-2.69E-04,2.80E-01,3
-2.68E-04,2.80E-01,3
-2.67E-04,2.80E-01,3
-2.66E-04,2.80E-01,3
-2.65E-04,2.80E-01,3
-2.64E-04,2.80E-01,3
-2.63E-04,2.80E-01,3
-2.62E-04,2.80E-01,3
-2.61E-04,2.80E-01,3
-2.60E-04,2.80E-01,3
-2.59E-04,3.20E-01,3
-2.58E-04,3.20E-01,3
-2.57E-04,3.60E-01,3
-2.56E-04,3.20E-01,3
-2.55E-04,3.20E-01,3
-2.54E-04,3.20E-01,3
-2.53E-04,3.20E-01,3
-2.52E-04,3.60E-01,3
-2.51E-04,3.60E-01,3
-2.50E-04,3.60E-01,3
-2.49E-04,3.60E-01,3
-2.48E-04,3.60E-01,3
-2.47E-04,4.00E-01,3
-2.46E-04,3.60E-01,3
-2.45E-04,4.00E-01,3
-2.44E-04,4.00E-01,3
-2.43E-04,4.00E-01,3
-2.42E-04,4.00E-01,3
-2.41E-04,4.00E-01,3
-2.40E-04,4.00E-01,3
-2.39E-04,4.00E-01,3
-2.38E-04,4.00E-01,2.96000004
-2.37E-04,4.00E-01,3
-2.36E-04,4.40E-01,3
-2.35E-04,4.40E-01,3
-2.34E-04,4.00E-01,3
-2.33E-04,4.40E-01,2.96000004
-2.32E-04,4.40E-01,3
-2.31E-04,4.40E-01,2.96000004
-2.30E-04,4.40E-01,3
-2.29E-04,4.80E-01,3
-2.28E-04,4.40E-01,3
-2.27E-04,4.80E-01,3
-2.26E-04,4.80E-01,3
-2.25E-04,4.80E-01,3
-2.24E-04,4.40E-01,3
-2.23E-04,4.80E-01,3
-2.22E-04,4.80E-01,3
-2.21E-04,5.20E-01,3
-2.20E-04,5.20E-01,3
-2.19E-04,5.60E-01,3
-2.18E-04,5.60E-01,3
-2.17E-04,5.60E-01,3
-2.16E-04,5.60E-01,3
-2.15E-04,5.60E-01,3
-2.14E-04,5.60E-01,3
-2.13E-04,5.60E-01,3
-2.12E-04,5.60E-01,3
-2.11E-04,5.60E-01,3
-2.10E-04,5.60E-01,3
-2.09E-04,5.60E-01,3
-2.08E-04,5.60E-01,3
-2.07E-04,6.00E-01,3
-2.06E-04,6.00E-01,3
-2.05E-04,6.00E-01,3
-2.04E-04,6.00E-01,2.96000004
-2.03E-04,6.00E-01,3
-2.02E-04,6.40E-01,3
-2.01E-04,6.40E-01,3
-2.00E-04,6.40E-01,3
-1.99E-04,6.40E-01,3
-1.98E-04,6.40E-01,3
-1.97E-04,6.80E-01,3
-1.96E-04,6.80E-01,3
-1.95E-04,6.40E-01,2.96000004
-1.94E-04,6.80E-01,2.96000004
-1.93E-04,6.80E-01,3
-1.92E-04,6.80E-01,3
-1.91E-04,6.80E-01,3
-1.90E-04,7.20E-01,2.96000004
-1.89E-04,7.20E-01,3
-1.88E-04,7.60E-01,2.96000004
-1.87E-04,7.60E-01,3
-1.86E-04,7.60E-01,3
-1.85E-04,7.20E-01,3
-1.84E-04,7.60E-01,3
-1.83E-04,7.60E-01,3
-1.82E-04,8.00E-01,3
-1.81E-04,8.00E-01,3
-1.80E-04,8.00E-01,2.96000004
-1.79E-04,8.00E-01,3
-1.78E-04,8.40E-01,3
-1.77E-04,8.00E-01,3
-1.76E-04,8.40E-01,3
-1.75E-04,8.40E-01,3
-1.74E-04,8.40E-01,3
-1.73E-04,8.40E-01,2.96000004
-1.72E-04,8.40E-01,3
-1.71E-04,8.40E-01,3
-1.70E-04,8.80E-01,2.96000004
-1.69E-04,8.80E-01,3
-1.68E-04,8.80E-01,3
-1.67E-04,8.80E-01,3
-1.66E-04,8.80E-01,3
-1.65E-04,9.20E-01,3
-1.64E-04,9.20E-01,3
-1.63E-04,9.20E-01,3
-1.62E-04,9.20E-01,3
-1.61E-04,9.20E-01,3
-1.60E-04,9.60E-01,3
-1.59E-04,9.60E-01,2.96000004
-1.58E-04,9.60E-01,2.96000004
-1.57E-04,9.60E-01,3
-1.56E-04,9.60E-01,3
-1.55E-04,9.60E-01,3
-1.54E-04,1,3
-1.53E-04,9.60E-01,3
-1.52E-04,1,3
-1.51E-04,1.04,3
-1.50E-04,1,3
-1.49E-04,1.04,3
-1.48E-04,1.04,3
-1.47E-04,1.0799999,3
-1.46E-04,1.04,3
-1.45E-04,1.0799999,3
-1.44E-04,1.0799999,3
-1.43E-04,1.0799999,3
-1.42E-04,1.12,3
-1.41E-04,1.0799999,3
-1.40E-04,1.12,3
-1.39E-04,1.12,3
-1.38E-04,1.12,3
-1.37E-04,1.12,3
-1.36E-04,1.16,3
-1.35E-04,1.16,3
-1.34E-04,1.16,3
-1.33E-04,1.16,3
-1.32E-04,1.16,3
-1.31E-04,1.1999999,3
-1.30E-04,1.1999999,3
-1.29E-04,1.1999999,2.96000004
-1.28E-04,1.24,3
-1.27E-04,1.24,3
-1.26E-04,1.24,3
-1.25E-04,1.24,3
-1.24E-04,1.24,2.96000004
-1.23E-04,1.28,3
-1.22E-04,1.28,3
-1.21E-04,1.28,3
-1.20E-04,1.28,3
-1.19E-04,1.3199999,3
-1.18E-04,1.3199999,2.96000004
-1.17E-04,1.3199999,3
-1.16E-04,1.36,3
-1.15E-04,1.3199999,3
-1.14E-04,1.36,3
-1.13E-04,1.36,3
-1.12E-04,1.36,2.96000004
-1.11E-04,1.4,2.96000004
-1.10E-04,1.4,2.96000004
-1.09E-04,1.4,3
-1.08E-04,1.4399999,3
-1.07E-04,1.4,3
-1.06E-04,1.4399999,3
-1.05E-04,1.4399999,3
-1.04E-04,1.4399999,2.96000004
-1.03E-04,1.4399999,2.96000004
-1.02E-04,1.4399999,2.96000004
-1.01E-04,1.48,3
-1.00E-04,1.48,3
-9.90E-05,1.48,3
-9.80E-05,1.52,3
-9.70E-05,1.52,3
-9.60E-05,1.52,2.96000004
-9.50E-05,1.52,3
-9.40E-05,1.52,3
-9.30E-05,1.5599999,3
-9.20E-05,1.5599999,3
-9.10E-05,1.5999999,3
-9.00E-05,1.5599999,3
-8.90E-05,1.5599999,2.96000004
-8.80E-05,1.5999999,3
-8.70E-05,1.5999999,3
-8.60E-05,1.64,2.96000004
-8.50E-05,1.64,3
-8.40E-05,1.64,3
-8.30E-05,1.64,2.96000004
-8.20E-05,1.64,3
-8.10E-05,1.6799999,3
-8.00E-05,1.6799999,3
-7.90E-05,1.6799999,3
-7.80E-05,1.6799999,3
-7.70E-05,1.6799999,3
-7.60E-05,1.6799999,2.96000004
-7.50E-05,1.6799999,3
-7.40E-05,1.7199999,3
-7.30E-05,1.7199999,3
-7.20E-05,1.7199999,3
-7.10E-05,1.76,3
-7.00E-05,1.76,2.96000004
-6.90E-05,1.76,3
-6.80E-05,1.76,3
-6.70E-05,1.8,3
-6.60E-05,1.8,3
-6.50E-05,1.8,3
-6.40E-05,1.8,3
-6.30E-05,1.8399999,3
-6.20E-05,1.8399999,3
-6.10E-05,1.8399999,3
-6.00E-05,1.88,3
-5.90E-05,1.88,3
-5.80E-05,1.88,3
-5.70E-05,1.88,3
-5.60E-05,1.92,3
-5.50E-05,1.88,3
-5.40E-05,1.92,2.96000004
-5.30E-05,1.92,3
-5.20E-05,1.9599999,3
-5.10E-05,1.9599999,3
-5.00E-05,1.9599999,3
-4.90E-05,1.9599999,3
-4.80E-05,1.9599999,2.96000004
-4.70E-05,2,3
-4.60E-05,2,3
-4.50E-05,2,3
-4.40E-05,2.04,3
-4.30E-05,2.04,2.96000004
-4.20E-05,2.04,3
-4.10E-05,2.04,3
-4.00E-05,2.04,3
-3.90E-05,2.04,3
-3.80E-05,2.0799999,3
-3.70E-05,2.0799999,3
-3.60E-05,2.0799999,3
-3.50E-05,2.0799999,3
-3.40E-05,2.1199999,2.96000004
-3.30E-05,2.1199999,2.96000004
-3.20E-05,2.1199999,3
-3.10E-05,2.1199999,3
-3.00E-05,2.1199999,2.96000004
-2.90E-05,2.1599998,3
-2.80E-05,2.1599998,2.96000004
-2.70E-05,2.2,3
-2.60E-05,2.1599998,3
-2.50E-05,2.1599998,3
-2.40E-05,2.2,3
-2.30E-05,2.2,2.96000004
-2.20E-05,2.24,2.96000004
-2.10E-05,2.24,3
-2.00E-05,2.24,2.96000004
-1.90E-05,2.24,3
-1.80E-05,2.24,3
-1.70E-05,2.28,3
-1.60E-05,2.24,3
-1.50E-05,2.28,3
-1.40E-05,2.28,3
-1.30E-05,2.3199999,3
-1.20E-05,2.3199999,3
-1.10E-05,2.3199999,3
-1.00E-05,2.3599999,3
-9.00E-06,2.3599999,2.96000004
-8.00E-06,2.3599999,3
-7.00E-06,2.3599999,3
-6.00E-06,2.3599999,3
-5.00E-06,2.3599999,3
-4.00E-06,2.3999999,3
-3.00E-06,2.3999999,3
-2.00E-06,2.3999999,3
-1.00E-06,2.3999999,3
-4.71E-11,2.4400001,3
1.00E-06,2.4400001,3
2.00E-06,2.3999999,3
3.00E-06,2.4400001,3
4.00E-06,2.4400001,3
5.00E-06,2.4400001,2.96000004
6.00E-06,2.4400001,3
7.00E-06,2.48,3
8.00E-06,2.48,3
9.00E-06,2.52,3
1.00E-05,2.52,3
1.10E-05,2.52,3
1.20E-05,2.52,2.96000004
1.30E-05,2.52,3
1.40E-05,2.52,3
1.50E-05,2.5599999,3
1.60E-05,2.5599999,3
1.70E-05,2.5599999,3
1.80E-05,2.5599999,3
1.90E-05,2.5999999,3
2.00E-05,2.5999999,2.96000004
2.10E-05,2.5999999,3
2.20E-05,2.5999999,3
2.30E-05,2.5999999,3
2.40E-05,2.6399999,3
2.50E-05,2.6399999,3
2.60E-05,2.6399999,3
2.70E-05,2.6399999,3
2.80E-05,2.6399999,3
2.90E-05,2.6799998,3
3.00E-05,2.6799998,3
3.10E-05,2.72000003,3
3.20E-05,2.6799998,3
3.30E-05,2.6799998,3
3.40E-05,2.72000003,2.96000004
3.50E-05,2.72000003,2.96000004
3.60E-05,2.75999999,3
3.70E-05,2.72000003,3
3.80E-05,2.72000003,3
3.90E-05,2.75999999,3
4.00E-05,2.75999999,3
4.10E-05,2.75999999,2.96000004
4.20E-05,2.75999999,3
4.30E-05,2.75999999,3
4.40E-05,2.75999999,3
4.50E-05,2.79999995,3
4.60E-05,2.79999995,3
4.70E-05,2.79999995,3
4.80E-05,2.79999995,3
4.90E-05,2.79999995,3
5.00E-05,2.83999991,3
5.10E-05,2.83999991,3
5.20E-05,2.83999991,3
5.30E-05,2.83999991,3
5.40E-05,2.87999988,3
5.50E-05,2.83999991,3
5.60E-05,2.87999988,3
5.70E-05,2.87999988,3
5.80E-05,2.87999988,2.96000004
5.90E-05,2.87999988,3
6.00E-05,2.91999984,3
6.10E-05,2.91999984,3
6.20E-05,2.91999984,3
6.30E-05,2.91999984,3
6.40E-05,2.91999984,3
6.50E-05,2.91999984,3
6.60E-05,2.91999984,3
6.70E-05,2.96000004,3
6.80E-05,2.96000004,3
6.90E-05,2.96000004,3
7.00E-05,2.96000004,2.96000004
7.10E-05,3,3
7.20E-05,2.96000004,3
7.30E-05,3,2.96000004
7.40E-05,3,3
7.50E-05,3.03999996,3
7.60E-05,3,3
7.70E-05,3.03999996,2.96000004
7.80E-05,3.03999996,3
7.90E-05,3.03999996,3
8.00E-05,3.03999996,3
8.10E-05,3.07999992,3
8.20E-05,3.07999992,3
8.30E-05,3.07999992,3
8.40E-05,3.07999992,3
8.50E-05,3.07999992,2.96000004
8.60E-05,3.07999992,3
8.70E-05,3.07999992,2.96000004
8.80E-05,3.07999992,2.96000004
8.90E-05,3.07999992,3
9.00E-05,3.07999992,2.96000004
9.10E-05,3.07999992,3
9.20E-05,3.11999989,3
9.30E-05,3.11999989,3
9.40E-05,3.11999989,3
9.50E-05,3.11999989,3
9.60E-05,3.15999985,3
9.70E-05,3.15999985,3
9.80E-05,3.15999985,3
9.90E-05,3.15999985,3
1.00E-04,3.15999985,3
1.01E-04,3.15999985,2.96000004
1.02E-04,3.19999981,3
1.03E-04,3.19999981,3
1.04E-04,3.19999981,3
1.05E-04,3.19999981,3
1.06E-04,3.19999981,3
1.07E-04,3.19999981,3
1.08E-04,3.19999981,3
1.09E-04,3.19999981,3
1.10E-04,3.19999981,2.96000004
1.11E-04,3.19999981,3
1.12E-04,3.19999981,3
1.13E-04,3.24000001,3
1.14E-04,3.24000001,3
1.15E-04,3.24000001,2.96000004
1.16E-04,3.24000001,3
1.17E-04,3.24000001,2.96000004
1.18E-04,3.24000001,3
1.19E-04,3.27999997,3
1.20E-04,3.27999997,3
1.21E-04,3.27999997,3
1.22E-04,3.27999997,3
1.23E-04,3.27999997,3
1.24E-04,3.27999997,3
1.25E-04,3.31999993,3
1.26E-04,3.31999993,3
1.27E-04,3.27999997,3
1.28E-04,3.31999993,3
1.29E-04,3.31999993,2.96000004
1.30E-04,3.31999993,3
1.31E-04,3.3599999,2.96000004
1.32E-04,3.3599999,3
1.33E-04,3.3599999,3
1.34E-04,3.31999993,3
1.35E-04,3.3599999,3
1.36E-04,3.3599999,2.96000004
1.37E-04,3.3599999,3
1.38E-04,3.3599999,3
1.39E-04,3.39999986,3
1.40E-04,3.3599999,3
1.41E-04,3.39999986,3
1.42E-04,3.39999986,3
1.43E-04,3.39999986,3
1.44E-04,3.39999986,3
1.45E-04,3.39999986,2.96000004
1.46E-04,3.39999986,3
1.47E-04,3.39999986,3
1.48E-04,3.43999982,3
1.49E-04,3.39999986,3
1.50E-04,3.43999982,2.96000004
1.51E-04,3.43999982,3
1.52E-04,3.39999986,2.96000004
1.53E-04,3.43999982,3
1.54E-04,3.43999982,3
1.55E-04,3.43999982,3
1.56E-04,3.43999982,3
1.57E-04,3.48000002,3
1.58E-04,3.43999982,3
1.59E-04,3.48000002,3
1.60E-04,3.48000002,3
1.61E-04,3.48000002,3
1.62E-04,3.48000002,3
1.63E-04,3.48000002,3
1.64E-04,3.48000002,3
1.65E-04,3.48000002,3
1.66E-04,3.48000002,3
1.67E-04,3.48000002,3
1.68E-04,3.48000002,3
1.69E-04,3.48000002,3
1.70E-04,3.48000002,2.96000004
1.71E-04,3.48000002,3
1.72E-04,3.51999998,3
1.73E-04,3.51999998,3
1.74E-04,3.51999998,3
1.75E-04,3.51999998,3
1.76E-04,3.51999998,3
1.77E-04,3.51999998,2.96000004
1.78E-04,3.51999998,3
1.79E-04,3.51999998,3
1.80E-04,3.55999994,3
1.81E-04,3.55999994,3
1.82E-04,3.55999994,3
1.83E-04,3.55999994,3
1.84E-04,3.55999994,3
1.85E-04,3.55999994,3
1.86E-04,3.5999999,3
1.87E-04,3.55999994,2.96000004
1.88E-04,3.55999994,3
1.89E-04,3.5999999,3
1.90E-04,3.5999999,3
1.91E-04,3.5999999,2.96000004
1.92E-04,3.5999999,3
1.93E-04,3.5999999,3
1.94E-04,3.5999999,3
1.95E-04,3.5999999,3
1.96E-04,3.5999999,3
1.97E-04,3.63999987,3
1.98E-04,3.63999987,3
1.99E-04,3.63999987,3
2.00E-04,3.63999987,3
2.01E-04,3.63999987,3
2.02E-04,3.63999987,2.96000004
2.03E-04,3.63999987,3
2.04E-04,3.5999999,3
2.05E-04,3.63999987,3
2.06E-04,3.67999983,3
2.07E-04,3.63999987,3
2.08E-04,3.67999983,2.96000004
2.09E-04,3.67999983,3
2.10E-04,3.63999987,3
2.11E-04,3.63999987,3
2.12E-04,3.67999983,3
2.13E-04,3.67999983,2.91999984
2.14E-04,3.67999983,2.91999984
2.15E-04,3.67999983,2.91999984
2.16E-04,3.72000003,2.87999988
2.17E-04,3.67999983,2.83999991
2.18E-04,3.67999983,2.87999988
2.19E-04,3.72000003,2.83999991
2.20E-04,3.67999983,2.79999995
2.21E-04,3.72000003,2.79999995
2.22E-04,3.72000003,2.75999999
2.23E-04,3.67999983,2.72000003
2.24E-04,3.72000003,2.6799998
2.25E-04,3.72000003,2.6799998
2.26E-04,3.72000003,2.6399999
2.27E-04,3.72000003,2.6399999
2.28E-04,3.72000003,2.5999999
2.29E-04,3.72000003,2.5999999
2.30E-04,3.72000003,2.5599999
2.31E-04,3.75999999,2.5599999
2.32E-04,3.72000003,2.5599999
2.33E-04,3.75999999,2.5599999
2.34E-04,3.75999999,2.5599999
2.35E-04,3.75999999,2.5599999
2.36E-04,3.75999999,2.5599999
2.37E-04,3.75999999,2.5599999
2.38E-04,3.75999999,2.5599999
2.39E-04,3.75999999,2.52
2.40E-04,3.75999999,2.48
2.41E-04,3.75999999,2.52
2.42E-04,3.75999999,2.4400001
2.43E-04,3.79999995,2.4400001
2.44E-04,3.75999999,2.3999999
2.45E-04,3.79999995,2.3599999
2.46E-04,3.79999995,2.3599999
2.47E-04,3.79999995,2.3199999
2.48E-04,3.79999995,2.3199999
2.49E-04,3.79999995,2.28
2.50E-04,3.79999995,2.24
2.51E-04,3.79999995,2.24
2.52E-04,3.79999995,2.24
2.53E-04,3.79999995,2.2
2.54E-04,3.79999995,2.2
2.55E-04,3.79999995,2.2
2.56E-04,3.79999995,2.2
2.57E-04,3.79999995,2.2
2.58E-04,3.79999995,2.1599998
2.59E-04,3.83999991,2.1599998
2.60E-04,3.83999991,2.1199999
2.61E-04,3.83999991,2.1199999
2.62E-04,3.83999991,2.0799999
2.63E-04,3.83999991,2.0799999
2.64E-04,3.87999988,2.0799999
2.65E-04,3.83999991,2.04
2.66E-04,3.87999988,2.04
2.67E-04,3.87999988,2.04
2.68E-04,3.83999991,2.04
2.69E-04,3.87999988,2
2.70E-04,3.87999988,2
2.71E-04,3.87999988,2
2.72E-04,3.91999984,2
2.73E-04,3.87999988,2
2.74E-04,3.91999984,1.9599999
2.75E-04,3.91999984,2
2.76E-04,3.91999984,1.9599999
2.77E-04,3.91999984,1.92
2.78E-04,3.91999984,1.92
2.79E-04,3.91999984,1.88
2.80E-04,3.91999984,1.8399999
2.81E-04,3.91999984,1.8399999
2.82E-04,3.91999984,1.8
2.83E-04,3.91999984,1.8
2.84E-04,3.91999984,1.8
2.85E-04,3.91999984,1.76
2.86E-04,3.91999984,1.76
2.87E-04,3.9599998,1.76
2.88E-04,3.91999984,1.7199999
2.89E-04,3.91999984,1.7199999
2.90E-04,3.9599998,1.6799999
2.91E-04,3.9599998,1.7199999
2.92E-04,3.9599998,1.7199999
2.93E-04,3.9599998,1.7199999
2.94E-04,3.9599998,1.7199999
2.95E-04,4,1.6799999
2.96E-04,4,1.6799999
2.97E-04,4,1.6799999
2.98E-04,4,1.64
2.99E-04,4,1.64
3.00E-04,4,1.64
3.01E-04,4,1.64
3.02E-04,4.03999996,1.5999999
3.03E-04,4.03999996,1.5999999
3.04E-04,4.03999996,1.5999999
3.05E-04,4.03999996,1.5999999
3.06E-04,4.03999996,1.5599999
3.07E-04,4.03999996,1.5599999
3.08E-04,4.03999996,1.5599999
3.09E-04,4.03999996,1.5599999
3.10E-04,4.03999996,1.5599999
3.11E-04,4.03999996,1.52
3.12E-04,4.03999996,1.52
3.13E-04,4.07999992,1.48
3.14E-04,4.07999992,1.48
3.15E-04,4.07999992,1.48
3.16E-04,4.07999992,1.4399999
3.17E-04,4.07999992,1.4399999
3.18E-04,4.11999989,1.4
3.19E-04,4.11999989,1.4
3.20E-04,4.11999989,1.4
3.21E-04,4.11999989,1.36
3.22E-04,4.11999989,1.36
3.23E-04,4.11999989,1.36
3.24E-04,4.11999989,1.36
3.25E-04,4.11999989,1.36
3.26E-04,4.15999985,1.36
3.27E-04,4.15999985,1.36
3.28E-04,4.15999985,1.36
3.29E-04,4.15999985,1.36
3.30E-04,4.15999985,1.36
3.31E-04,4.15999985,1.36
3.32E-04,4.15999985,1.36
3.33E-04,4.19999981,1.3199999
3.34E-04,4.15999985,1.3199999
3.35E-04,4.15999985,1.3199999
3.36E-04,4.19999981,1.3199999
3.37E-04,4.19999981,1.28
3.38E-04,4.19999981,1.28
3.39E-04,4.19999981,1.28
3.40E-04,4.19999981,1.24
3.41E-04,4.23999977,1.24
3.42E-04,4.19999981,1.1999999
3.43E-04,4.23999977,1.1999999
3.44E-04,4.23999977,1.1999999
3.45E-04,4.23999977,1.1999999
3.46E-04,4.23999977,1.1999999
3.47E-04,4.23999977,1.16
3.48E-04,4.27999973,1.16
3.49E-04,4.27999973,1.16
3.50E-04,4.27999973,1.12
3.51E-04,4.27999973,1.12
3.52E-04,4.31999969,1.12
3.53E-04,4.31999969,1.12
3.54E-04,4.31999969,1.12
3.55E-04,4.31999969,1.0799999
3.56E-04,4.31999969,1.12
3.57E-04,4.31999969,1.0799999
3.58E-04,4.31999969,1.0799999
3.59E-04,4.31999969,1.0799999
3.60E-04,4.36000013,1.0799999
3.61E-04,4.31999969,1.0799999
3.62E-04,4.36000013,1.0799999
3.63E-04,4.36000013,1.0799999
3.64E-04,4.36000013,1.0799999
3.65E-04,4.36000013,1.0799999
3.66E-04,4.36000013,1.0799999
3.67E-04,4.4000001,1.0799999
3.68E-04,4.4000001,1.0799999
3.69E-04,4.4000001,1.0799999
3.70E-04,4.44000006,1.04
3.71E-04,4.4000001,1.04
3.72E-04,4.44000006,1.04
3.73E-04,4.44000006,1
3.74E-04,4.44000006,1
3.75E-04,4.44000006,9.60E-01
3.76E-04,4.44000006,9.60E-01
3.77E-04,4.44000006,9.60E-01
3.78E-04,4.44000006,9.60E-01
3.79E-04,4.48000002,9.20E-01
3.80E-04,4.48000002,9.20E-01
3.81E-04,4.48000002,9.20E-01
3.82E-04,4.48000002,9.20E-01
3.83E-04,4.51999998,9.20E-01
3.84E-04,4.48000002,9.20E-01
3.85E-04,4.51999998,9.20E-01
3.86E-04,4.48000002,9.20E-01
3.87E-04,4.51999998,9.60E-01
3.88E-04,4.55999994,9.20E-01
3.89E-04,4.51999998,9.20E-01
3.90E-04,4.55999994,8.80E-01
3.91E-04,4.55999994,8.80E-01
3.92E-04,4.55999994,8.80E-01
3.93E-04,4.55999994,9.20E-01
3.94E-04,4.55999994,8.80E-01
3.95E-04,4.55999994,8.40E-01
3.96E-04,4.55999994,8.80E-01
3.97E-04,4.5999999,8.80E-01
3.98E-04,4.55999994,8.40E-01
3.99E-04,4.5999999,8.40E-01
4.00E-04,4.5999999,8.40E-01
4.01E-04,4.5999999,8.40E-01
4.02E-04,4.5999999,8.40E-01
4.03E-04,4.63999987,8.40E-01
4.04E-04,4.5999999,8.40E-01
4.05E-04,4.63999987,8.40E-01
4.06E-04,4.63999987,8.00E-01
4.07E-04,4.63999987,8.00E-01
4.08E-04,4.63999987,8.00E-01
4.09E-04,4.67999983,7.60E-01
4.10E-04,4.67999983,7.60E-01
4.11E-04,4.67999983,7.60E-01
4.12E-04,4.71999979,7.60E-01
4.13E-04,4.71999979,7.60E-01
4.14E-04,4.67999983,7.20E-01
4.15E-04,4.71999979,7.20E-01
4.16E-04,4.71999979,7.20E-01
4.17E-04,4.71999979,7.60E-01
4.18E-04,4.75999975,7.20E-01
4.19E-04,4.75999975,7.20E-01
4.20E-04,4.75999975,7.60E-01
4.21E-04,4.75999975,7.60E-01
4.22E-04,4.75999975,7.60E-01
4.23E-04,4.75999975,7.60E-01
4.24E-04,4.79999971,7.60E-01
4.25E-04,4.79999971,7.20E-01
4.26E-04,4.79999971,7.60E-01
4.27E-04,4.79999971,7.20E-01
4.28E-04,4.79999971,7.20E-01
4.29E-04,4.79999971,7.20E-01
4.30E-04,4.83999968,7.20E-01
4.31E-04,4.83999968,7.20E-01
4.32E-04,4.83999968,7.20E-01
4.33E-04,4.83999968,6.80E-01
4.34E-04,4.88000011,6.80E-01
4.35E-04,4.88000011,6.40E-01
4.36E-04,4.88000011,6.80E-01
4.37E-04,4.88000011,6.40E-01
4.38E-04,4.88000011,6.40E-01
4.39E-04,4.88000011,6.40E-01
4.40E-04,4.88000011,6.40E-01
4.41E-04,4.92000008,6.40E-01
4.42E-04,4.92000008,6.40E-01
4.43E-04,4.92000008,6.00E-01
4.44E-04,4.92000008,6.00E-01
4.45E-04,4.92000008,6.00E-01
4.46E-04,4.96000004,6.00E-01
4.47E-04,4.96000004,6.00E-01
4.48E-04,5,6.00E-01
4.49E-04,4.96000004,6.00E-01
4.50E-04,5,6.00E-01
4.51E-04,5,6.00E-01
4.52E-04,5,6.00E-01
4.53E-04,5,6.00E-01
4.54E-04,5,6.00E-01
4.55E-04,5.03999996,6.00E-01
4.56E-04,5.03999996,6.00E-01
4.57E-04,5.03999996,6.00E-01
4.58E-04,5.03999996,6.00E-01
4.59E-04,5.07999992,6.00E-01
4.60E-04,5.07999992,6.00E-01
4.61E-04,5.07999992,6.00E-01
4.62E-04,5.07999992,6.00E-01
4.63E-04,5.11999989,6.00E-01
4.64E-04,5.11999989,6.00E-01
4.65E-04,5.11999989,5.60E-01
4.66E-04,5.11999989,5.60E-01
4.67E-04,5.15999985,5.60E-01
4.68E-04,5.15999985,5.20E-01
4.69E-04,5.15999985,5.20E-01
4.70E-04,5.15999985,5.20E-01
4.71E-04,5.15999985,4.80E-01
4.72E-04,5.15999985,4.80E-01
4.73E-04,5.15999985,4.80E-01
4.74E-04,5.19999981,4.80E-01
4.75E-04,5.19999981,4.80E-01
4.76E-04,5.19999981,4.80E-01
4.77E-04,5.19999981,4.80E-01
4.78E-04,5.23999977,5.20E-01
4.79E-04,5.23999977,5.20E-01
4.80E-04,5.23999977,5.20E-01
4.81E-04,5.23999977,5.20E-01
4.82E-04,5.23999977,5.20E-01
4.83E-04,5.27999973,5.20E-01
4.84E-04,5.23999977,4.80E-01
4.85E-04,5.23999977,4.80E-01
4.86E-04,5.27999973,4.80E-01
4.87E-04,5.27999973,4.80E-01
4.88E-04,5.31999969,4.80E-01
4.89E-04,5.31999969,4.80E-01
4.90E-04,5.31999969,4.80E-01
4.91E-04,5.31999969,4.80E-01
4.92E-04,5.35999966,5.20E-01
4.93E-04,5.35999966,4.80E-01
4.94E-04,5.35999966,4.80E-01
4.95E-04,5.35999966,4.80E-01
4.96E-04,5.4000001,4.80E-01
4.97E-04,5.4000001,4.80E-01
4.98E-04,5.4000001,4.80E-01
4.99E-04,5.4000001,4.80E-01
5.00E-04,5.4000001,4.40E-01
5.01E-04,5.44000006,4.80E-01
5.02E-04,5.44000006,4.40E-01
5.03E-04,5.44000006,4.40E-01
5.04E-04,5.44000006,4.40E-01
5.05E-04,5.44000006,4.00E-01
5.06E-04,5.44000006,4.00E-01
5.07E-04,5.44000006,3.60E-01
5.08E-04,5.48000002,4.00E-01
5.09E-04,5.48000002,4.00E-01
5.10E-04,5.48000002,4.00E-01
5.11E-04,5.51999998,4.00E-01
5.12E-04,5.51999998,4.00E-01
5.13E-04,5.51999998,4.00E-01
5.14E-04,5.51999998,4.00E-01
5.15E-04,5.55999994,4.00E-01
5.16E-04,5.51999998,4.40E-01
5.17E-04,5.55999994,4.00E-01
5.18E-04,5.55999994,4.00E-01
5.19E-04,5.5999999,4.40E-01
5.20E-04,5.5999999,4.40E-01
5.21E-04,5.5999999,4.00E-01
5.22E-04,5.5999999,4.40E-01
5.23E-04,5.63999987,4.00E-01
5.24E-04,5.63999987,4.00E-01
5.25E-04,5.63999987,4.00E-01
5.26E-04,5.63999987,4.00E-01
5.27E-04,5.63999987,4.00E-01
5.28E-04,5.63999987,3.60E-01
5.29E-04,5.67999983,4.00E-01
5.30E-04,5.71999979,4.00E-01
5.31E-04,5.71999979,4.00E-01
5.32E-04,5.71999979,4.00E-01
5.33E-04,5.67999983,4.00E-01
5.34E-04,5.71999979,4.00E-01
5.35E-04,5.71999979,3.60E-01
5.36E-04,5.75999975,4.00E-01
5.37E-04,5.75999975,3.60E-01
5.38E-04,5.75999975,3.60E-01
5.39E-04,5.75999975,3.20E-01
5.40E-04,5.75999975,3.60E-01
5.41E-04,5.75999975,3.20E-01
5.42E-04,5.79999971,3.20E-01
5.43E-04,5.79999971,3.20E-01
5.44E-04,5.79999971,3.20E-01
5.45E-04,5.79999971,3.20E-01
5.46E-04,5.83999968,3.20E-01
5.47E-04,5.83999968,3.20E-01
5.48E-04,5.83999968,3.60E-01
5.49E-04,5.83999968,3.60E-01
5.50E-04,5.87999964,3.60E-01
5.51E-04,5.87999964,3.60E-01
5.52E-04,5.87999964,3.60E-01
5.53E-04,5.87999964,3.60E-01
5.54E-04,5.92000008,4.00E-01
5.55E-04,5.87999964,3.60E-01
5.56E-04,5.87999964,3.60E-01
5.57E-04,5.92000008,3.60E-01
5.58E-04,5.92000008,3.60E-01
5.59E-04,5.92000008,3.20E-01
5.60E-04,5.96000004,3.20E-01
5.61E-04,5.96000004,3.20E-01
5.62E-04,5.96000004,3.20E-01
5.63E-04,5.96000004,3.20E-01
5.64E-04,5.96000004,2.80E-01
5.65E-04,5.96000004,3.20E-01
5.66E-04,6,2.80E-01
5.67E-04,6,2.80E-01
5.68E-04,6,2.80E-01
5.69E-04,6,3.20E-01
5.70E-04,6,2.80E-01
5.71E-04,6,2.80E-01
5.72E-04,6.03999996,3.20E-01
5.73E-04,6.03999996,3.20E-01
5.74E-04,6.03999996,3.20E-01
5.75E-04,6.03999996,3.20E-01
5.76E-04,6.07999992,3.20E-01
5.77E-04,6.07999992,2.80E-01
5.78E-04,6.11999989,2.80E-01
5.79E-04,6.11999989,3.20E-01
5.80E-04,6.07999992,3.20E-01
5.81E-04,6.11999989,2.80E-01
5.82E-04,6.11999989,2.80E-01
5.83E-04,6.11999989,3.20E-01
5.84E-04,6.11999989,2.80E-01
5.85E-04,6.15999985,2.80E-01
5.86E-04,6.11999989,3.20E-01
5.87E-04,6.11999989,2.80E-01
5.88E-04,6.15999985,2.80E-01
5.89E-04,6.15999985,3.20E-01
5.90E-04,6.15999985,2.80E-01
5.91E-04,6.15999985,3.20E-01
5.92E-04,6.19999981,3.20E-01
5.93E-04,6.19999981,2.80E-01
5.94E-04,6.19999981,2.80E-01
5.95E-04,6.23999977,2.80E-01
5.96E-04,6.23999977,2.40E-01
5.97E-04,6.23999977,2.40E-01
5.98E-04,6.23999977,2.40E-01
5.99E-04,6.23999977,2.40E-01
6.00E-04,6.27999973,2.40E-01
6.01E-04,6.23999977,2.40E-01
6.02E-04,6.27999973,2.40E-01
6.03E-04,6.27999973,2.00E-01
6.04E-04,6.27999973,2.40E-01
6.05E-04,6.27999973,2.40E-01
6.06E-04,6.31999969,2.40E-01
6.07E-04,6.31999969,2.40E-01
6.08E-04,6.31999969,2.40E-01
6.09E-04,6.31999969,2.80E-01
6.10E-04,6.31999969,2.80E-01
6.11E-04,6.31999969,2.80E-01
6.12E-04,6.35999966,2.40E-01
6.13E-04,6.35999966,2.40E-01
6.14E-04,6.35999966,2.40E-01
6.15E-04,6.35999966,2.40E-01
6.16E-04,6.35999966,2.40E-01
6.17E-04,6.35999966,2.40E-01
6.18E-04,6.39999962,2.40E-01
6.19E-04,6.35999966,2.40E-01
6.20E-04,6.39999962,2.40E-01
6.21E-04,6.39999962,2.40E-01
6.22E-04,6.39999962,2.40E-01
6.23E-04,6.39999962,2.40E-01
6.24E-04,6.39999962,2.40E-01
6.25E-04,6.44000006,2.40E-01
6.26E-04,6.44000006,2.40E-01
6.27E-04,6.44000006,2.40E-01
6.28E-04,6.44000006,2.40E-01
6.29E-04,6.44000006,2.40E-01
6.30E-04,6.44000006,2.40E-01
6.31E-04,6.48000002,2.40E-01
6.32E-04,6.44000006,2.40E-01
6.33E-04,6.48000002,2.00E-01
6.34E-04,6.48000002,2.00E-01
6.35E-04,6.48000002,2.00E-01
6.36E-04,6.48000002,1.60E-01
6.37E-04,6.51999998,1.60E-01
6.38E-04,6.51999998,2.00E-01
6.39E-04,6.51999998,2.00E-01
6.40E-04,6.51999998,2.00E-01
6.41E-04,6.51999998,2.00E-01
6.42E-04,6.55999994,2.40E-01
6.43E-04,6.51999998,2.00E-01
6.44E-04,6.55999994,2.40E-01
6.45E-04,6.55999994,2.40E-01
6.46E-04,6.55999994,2.00E-01
6.47E-04,6.55999994,2.40E-01
6.48E-04,6.55999994,2.40E-01
6.49E-04,6.55999994,2.40E-01
6.50E-04,6.55999994,2.40E-01
6.51E-04,6.55999994,2.40E-01
6.52E-04,6.5999999,2.00E-01
6.53E-04,6.5999999,2.00E-01
6.54E-04,6.5999999,2.00E-01
6.55E-04,6.5999999,2.00E-01
6.56E-04,6.63999987,2.00E-01
6.57E-04,6.63999987,1.60E-01
6.58E-04,6.63999987,1.60E-01
6.59E-04,6.63999987,1.60E-01
6.60E-04,6.63999987,1.60E-01
6.61E-04,6.63999987,2.00E-01
6.62E-04,6.67999983,2.00E-01
6.63E-04,6.67999983,1.60E-01
6.64E-04,6.67999983,2.00E-01
6.65E-04,6.67999983,2.00E-01
6.66E-04,6.67999983,2.00E-01
6.67E-04,6.67999983,2.00E-01
6.68E-04,6.67999983,2.00E-01
6.69E-04,6.67999983,2.00E-01
6.70E-04,6.67999983,1.60E-01
6.71E-04,6.67999983,2.00E-01
6.72E-04,6.71999979,1.60E-01
6.73E-04,6.71999979,1.60E-01
6.74E-04,6.71999979,1.60E-01
6.75E-04,6.71999979,1.60E-01
6.76E-04,6.71999979,2.00E-01
6.77E-04,6.71999979,2.00E-01
6.78E-04,6.71999979,2.00E-01
6.79E-04,6.75999975,2.00E-01
6.80E-04,6.75999975,2.00E-01
6.81E-04,6.75999975,2.00E-01
6.82E-04,6.71999979,2.00E-01
6.83E-04,6.75999975,2.00E-01
6.84E-04,6.75999975,2.00E-01
6.85E-04,6.75999975,2.00E-01
6.86E-04,6.79999971,2.00E-01
6.87E-04,6.75999975,2.00E-01
6.88E-04,6.75999975,2.00E-01
6.89E-04,6.79999971,1.60E-01
6.90E-04,6.79999971,2.00E-01
6.91E-04,6.79999971,1.60E-01
6.92E-04,6.79999971,1.20E-01
6.93E-04,6.79999971,1.20E-01
6.94E-04,6.83999968,1.20E-01
6.95E-04,6.83999968,1.20E-01
6.96E-04,6.83999968,1.20E-01
6.97E-04,6.83999968,1.20E-01
6.98E-04,6.83999968,1.60E-01
6.99E-04,6.83999968,1.60E-01
7.00E-04,6.83999968,1.60E-01
7.01E-04,6.83999968,1.60E-01
7.02E-04,6.83999968,1.60E-01
7.03E-04,6.83999968,1.60E-01
7.04E-04,6.83999968,1.60E-01
7.05E-04,6.87999964,1.60E-01
7.06E-04,6.87999964,2.00E-01
7.07E-04,6.87999964,2.00E-01
7.08E-04,6.87999964,1.60E-01
7.09E-04,6.87999964,2.00E-01
7.10E-04,6.87999964,1.60E-01
7.11E-04,6.87999964,1.60E-01
7.12E-04,6.92000008,1.60E-01
7.13E-04,6.92000008,1.60E-01
7.14E-04,6.92000008,1.60E-01
7.15E-04,6.92000008,1.60E-01
7.16E-04,6.92000008,1.20E-01
7.17E-04,6.96000004,1.60E-01
7.18E-04,6.92000008,1.60E-01
7.19E-04,6.92000008,1.60E-01
7.20E-04,6.96000004,1.60E-01
7.21E-04,6.92000008,2.00E-01
7.22E-04,6.92000008,1.60E-01
7.23E-04,6.92000008,1.20E-01
7.24E-04,6.92000008,1.60E-01
7.25E-04,6.92000008,1.20E-01
7.26E-04,6.92000008,1.20E-01
7.27E-04,7,1.20E-01
7.28E-04,7,1.20E-01
7.29E-04,7,1.20E-01
7.30E-04,7,1.20E-01
7.31E-04,7,1.20E-01
7.32E-04,7,8.00E-02
7.33E-04,6.96000004,1.20E-01
7.34E-04,7,1.20E-01
7.35E-04,7,1.20E-01
7.36E-04,7,1.20E-01
7.37E-04,6.96000004,1.60E-01
7.38E-04,7,1.60E-01
7.39E-04,7,2.00E-01
7.40E-04,7,2.00E-01
7.41E-04,7,2.00E-01
7.42E-04,7.03999996,1.60E-01
7.43E-04,7,1.60E-01
7.44E-04,7,1.60E-01
7.45E-04,7.03999996,1.60E-01
7.46E-04,7.03999996,1.20E-01
7.47E-04,7.03999996,1.20E-01
7.48E-04,7.03999996,1.20E-01
7.49E-04,7.03999996,1.20E-01
7.50E-04,7.03999996,8.00E-02
7.51E-04,7.03999996,1.20E-01
7.52E-04,7.03999996,1.20E-01
7.53E-04,7.03999996,1.20E-01
7.54E-04,7.03999996,1.20E-01
7.55E-04,7.03999996,1.20E-01
7.56E-04,7.03999996,1.20E-01
7.57E-04,7.07999992,1.20E-01
7.58E-04,7.07999992,1.20E-01
7.59E-04,7.07999992,1.20E-01
7.60E-04,7.07999992,1.20E-01
7.61E-04,7.03999996,1.20E-01
7.62E-04,7.07999992,1.20E-01
7.63E-04,7.03999996,1.20E-01
7.64E-04,7.07999992,1.20E-01
7.65E-04,7.07999992,8.00E-02
7.66E-04,7.07999992,1.20E-01
7.67E-04,7.07999992,8.00E-02
7.68E-04,7.11999989,1.20E-01
7.69E-04,7.07999992,8.00E-02
7.70E-04,7.07999992,1.20E-01
7.71E-04,7.11999989,1.20E-01
7.72E-04,7.07999992,1.20E-01
7.73E-04,7.07999992,1.20E-01
7.74E-04,7.11999989,1.60E-01
7.75E-04,7.11999989,1.20E-01
7.76E-04,7.11999989,1.60E-01
7.77E-04,7.11999989,1.20E-01
7.78E-04,7.11999989,1.60E-01
7.79E-04,7.11999989,1.20E-01
7.80E-04,7.11999989,1.20E-01
7.81E-04,7.11999989,1.20E-01
7.82E-04,7.11999989,1.20E-01
7.83E-04,7.11999989,1.20E-01
7.84E-04,7.11999989,8.00E-02
7.85E-04,7.11999989,1.20E-01
7.86E-04,7.11999989,8.00E-02
7.87E-04,7.11999989,8.00E-02
7.88E-04,7.11999989,8.00E-02
7.89E-04,7.15999985,8.00E-02
7.90E-04,7.11999989,8.00E-02
7.91E-04,7.11999989,8.00E-02
7.92E-04,7.11999989,8.00E-02
7.93E-04,7.11999989,8.00E-02
7.94E-04,7.15999985,8.00E-02
7.95E-04,7.15999985,8.00E-02
7.96E-04,7.19999981,1.20E-01
7.97E-04,7.15999985,1.20E-01
7.98E-04,7.15999985,1.20E-01
7.99E-04,7.15999985,1.20E-01
8.00E-04,7.15999985,1.20E-01
8.01E-04,7.15999985,8.00E-02
8.02E-04,7.15999985,1.20E-01
8.03E-04,7.15999985,8.00E-02
8.04E-04,7.15999985,8.00E-02
8.05E-04,7.15999985,8.00E-02
8.06E-04,7.19999981,8.00E-02
8.07E-04,7.15999985,8.00E-02
8.08E-04,7.19999981,8.00E-02
8.09E-04,7.19999981,1.20E-01
8.10E-04,7.15999985,1.20E-01
8.11E-04,7.15999985,1.20E-01
8.12E-04,7.19999981,8.00E-02
8.13E-04,7.19999981,1.20E-01
8.14E-04,7.19999981,1.20E-01
8.15E-04,7.19999981,1.20E-01
8.16E-04,7.19999981,8.00E-02
8.17E-04,7.19999981,1.20E-01
8.18E-04,7.19999981,8.00E-02
8.19E-04,7.19999981,8.00E-02
8.20E-04,7.19999981,8.00E-02
8.21E-04,7.19999981,8.00E-02
8.22E-04,7.19999981,8.00E-02
8.23E-04,7.19999981,4.00E-02
8.24E-04,7.19999981,4.00E-02
8.25E-04,7.19999981,8.00E-02
8.26E-04,7.19999981,8.00E-02
8.27E-04,7.19999981,8.00E-02
8.28E-04,7.19999981,8.00E-02
8.29E-04,7.19999981,8.00E-02
8.30E-04,7.19999981,8.00E-02
8.31E-04,7.19999981,1.20E-01
8.32E-04,7.19999981,1.20E-01
8.33E-04,7.19999981,1.20E-01
8.34E-04,7.19999981,1.20E-01
8.35E-04,7.19999981,8.00E-02
8.36E-04,7.19999981,1.20E-01
8.37E-04,7.19999981,1.20E-01
8.38E-04,7.19999981,1.20E-01
8.39E-04,7.19999981,1.20E-01
8.40E-04,7.19999981,8.00E-02
8.41E-04,7.19999981,8.00E-02
8.42E-04,7.19999981,8.00E-02
8.43E-04,7.19999981,8.00E-02
8.44E-04,7.19999981,8.00E-02
8.45E-04,7.19999981,8.00E-02
8.46E-04,7.19999981,8.00E-02
8.47E-04,7.19999981,8.00E-02
8.48E-04,7.19999981,8.00E-02
8.49E-04,7.19999981,8.00E-02
8.50E-04,7.19999981,8.00E-02
8.51E-04,7.19999981,8.00E-02
8.52E-04,7.19999981,8.00E-02
8.53E-04,7.19999981,8.00E-02
8.54E-04,7.19999981,8.00E-02
8.55E-04,7.19999981,8.00E-02
8.56E-04,7.19999981,8.00E-02
8.57E-04,7.19999981,4.00E-02
8.58E-04,7.19999981,8.00E-02
8.59E-04,7.19999981,8.00E-02
8.60E-04,7.19999981,4.00E-02
8.61E-04,7.19999981,4.00E-02
8.62E-04,7.19999981,4.00E-02
8.63E-04,7.19999981,8.00E-02
8.64E-04,7.19999981,4.00E-02
8.65E-04,7.19999981,8.00E-02
8.66E-04,7.19999981,8.00E-02
8.67E-04,7.19999981,8.00E-02
8.68E-04,7.19999981,1.20E-01
8.69E-04,7.19999981,8.00E-02
8.70E-04,7.19999981,1.20E-01
8.71E-04,7.19999981,8.00E-02
8.72E-04,7.19999981,1.20E-01
8.73E-04,7.19999981,1.20E-01
8.74E-04,7.19999981,8.00E-02
8.75E-04,7.19999981,8.00E-02
8.76E-04,7.19999981,8.00E-02
8.77E-04,7.19999981,8.00E-02
8.78E-04,7.19999981,4.00E-02
8.79E-04,7.19999981,4.00E-02
8.80E-04,7.19999981,4.00E-02
8.81E-04,7.19999981,4.00E-02
8.82E-04,7.19999981,4.00E-02
8.83E-04,7.19999981,4.00E-02
8.84E-04,7.19999981,4.00E-02
8.85E-04,7.19999981,4.00E-02
8.86E-04,7.19999981,8.00E-02
8.87E-04,7.19999981,8.00E-02
8.88E-04,7.19999981,4.00E-02
8.89E-04,7.19999981,8.00E-02
8.90E-04,7.19999981,8.00E-02
8.91E-04,7.19999981,8.00E-02
8.92E-04,7.19999981,8.00E-02
8.93E-04,7.19999981,8.00E-02
8.94E-04,7.19999981,4.00E-02
8.95E-04,7.19999981,4.00E-02
8.96E-04,7.19999981,8.00E-02
8.97E-04,7.19999981,4.00E-02
8.98E-04,7.19999981,8.00E-02
8.99E-04,7.19999981,8.00E-02
9.00E-04,7.19999981,8.00E-02
9.01E-04,7.19999981,4.00E-02
9.02E-04,7.19999981,8.00E-02
9.03E-04,7.19999981,8.00E-02
9.04E-04,7.19999981,8.00E-02
9.05E-04,7.19999981,8.00E-02
9.06E-04,7.19999981,8.00E-02
9.07E-04,7.19999981,8.00E-02
9.08E-04,7.19999981,8.00E-02
9.09E-04,7.19999981,8.00E-02
9.10E-04,7.19999981,8.00E-02
9.11E-04,7.19999981,8.00E-02
9.12E-04,7.19999981,4.00E-02
9.13E-04,7.19999981,4.00E-02
9.14E-04,7.19999981,4.00E-02
9.15E-04,7.19999981,4.00E-02
9.16E-04,7.19999981,0
9.17E-04,7.19999981,4.00E-02
9.18E-04,7.19999981,4.00E-02
9.19E-04,7.19999981,4.00E-02
9.20E-04,7.19999981,0
9.21E-04,7.19999981,4.00E-02
9.22E-04,7.19999981,4.00E-02
9.23E-04,7.19999981,4.00E-02
9.24E-04,7.19999981,8.00E-02
9.25E-04,7.19999981,4.00E-02
9.26E-04,7.19999981,8.00E-02
9.27E-04,7.19999981,8.00E-02
9.28E-04,7.19999981,8.00E-02
9.29E-04,7.19999981,8.00E-02
9.30E-04,7.19999981,8.00E-02
9.31E-04,7.19999981,8.00E-02
9.32E-04,7.19999981,8.00E-02
9.33E-04,7.19999981,4.00E-02
9.34E-04,7.19999981,4.00E-02
9.35E-04,7.19999981,8.00E-02
9.36E-04,7.19999981,8.00E-02
9.37E-04,7.19999981,4.00E-02
9.38E-04,7.19999981,4.00E-02
9.39E-04,7.19999981,4.00E-02
9.40E-04,7.19999981,4.00E-02
9.41E-04,7.19999981,4.00E-02
9.42E-04,7.19999981,8.00E-02
9.43E-04,7.19999981,4.00E-02
9.44E-04,7.19999981,4.00E-02
9.45E-04,7.19999981,8.00E-02
9.46E-04,7.19999981,8.00E-02
9.47E-04,7.19999981,4.00E-02
9.48E-04,7.19999981,4.00E-02
9.49E-04,7.19999981,0
9.50E-04,7.19999981,4.00E-02
9.51E-04,7.19999981,4.00E-02
9.52E-04,7.19999981,4.00E-02
9.53E-04,7.19999981,0
9.54E-04,7.19999981,0
9.55E-04,7.19999981,4.00E-02
9.56E-04,7.19999981,4.00E-02
9.57E-04,7.19999981,4.00E-02
9.58E-04,7.19999981,4.00E-02
9.59E-04,7.19999981,4.00E-02
9.60E-04,7.19999981,8.00E-02
9.61E-04,7.19999981,8.00E-02
9.62E-04,7.19999981,8.00E-02
9.63E-04,7.19999981,8.00E-02
9.64E-04,7.19999981,8.00E-02
9.65E-04,7.19999981,8.00E-02
9.66E-04,7.19999981,8.00E-02
9.67E-04,7.19999981,8.00E-02
9.68E-04,7.19999981,8.00E-02
9.69E-04,7.19999981,4.00E-02
9.70E-04,7.19999981,4.00E-02
9.71E-04,7.19999981,4.00E-02
9.72E-04,7.19999981,0
9.73E-04,7.19999981,4.00E-02
9.74E-04,7.19999981,0
9.75E-04,7.19999981,4.00E-02
9.76E-04,7.19999981,4.00E-02
9.77E-04,7.19999981,4.00E-02
9.78E-04,7.19999981,4.00E-02
9.79E-04,7.19999981,4.00E-02
9.80E-04,7.19999981,4.00E-02
9.81E-04,7.19999981,4.00E-02
9.82E-04,7.19999981,8.00E-02
9.83E-04,7.19999981,4.00E-02
9.84E-04,7.19999981,4.00E-02
9.85E-04,7.19999981,4.00E-02
9.86E-04,7.19999981,4.00E-02
9.87E-04,7.19999981,4.00E-02
9.88E-04,7.19999981,4.00E-02
9.89E-04,7.19999981,4.00E-02
9.90E-04,7.19999981,4.00E-02
9.91E-04,7.19999981,4.00E-02
9.92E-04,7.19999981,4.00E-02
9.93E-04,7.19999981,4.00E-02
9.94E-04,7.19999981,8.00E-02
9.95E-04,7.19999981,4.00E-02
9.96E-04,7.19999981,8.00E-02
9.97E-04,7.19999981,8.00E-02
9.98E-04,7.19999981,8.00E-02
9.99E-04,7.19999981,8.00E-02
1.00E-03,7.19999981,8.00E-02
1.00E-03,7.19999981,8.00E-02
1.00E-03,7.19999981,8.00E-02
1.00E-03,7.19999981,8.00E-02
1.00E-03,7.19999981,4.00E-02
1.01E-03,7.19999981,4.00E-02
1.01E-03,7.19999981,4.00E-02
1.01E-03,7.19999981,4.00E-02
1.01E-03,7.19999981,0
1.01E-03,7.19999981,0
1.01E-03,7.19999981,0
1.01E-03,7.19999981,0
1.01E-03,7.19999981,0
1.01E-03,7.19999981,0
1.01E-03,7.19999981,0
1.01E-03,7.19999981,4.00E-02
1.02E-03,7.19999981,4.00E-02
1.02E-03,7.19999981,4.00E-02
1.02E-03,7.19999981,4.00E-02
1.02E-03,7.19999981,8.00E-02
1.02E-03,7.19999981,8.00E-02
1.02E-03,7.19999981,4.00E-02
1.02E-03,7.19999981,8.00E-02
1.02E-03,7.19999981,8.00E-02
1.02E-03,7.19999981,4.00E-02
1.03E-03,7.19999981,8.00E-02
1.03E-03,7.19999981,8.00E-02
1.03E-03,7.19999981,8.00E-02
1.03E-03,7.19999981,4.00E-02
1.03E-03,7.19999981,4.00E-02
1.03E-03,7.19999981,4.00E-02
1.03E-03,7.19999981,4.00E-02
1.03E-03,7.19999981,4.00E-02
1.03E-03,7.19999981,8.00E-02
1.03E-03,7.19999981,8.00E-02
1.04E-03,7.19999981,4.00E-02
1.04E-03,7.19999981,4.00E-02
1.04E-03,7.19999981,8.00E-02
1.04E-03,7.19999981,8.00E-02
1.04E-03,7.19999981,8.00E-02
1.04E-03,7.19999981,8.00E-02
1.04E-03,7.19999981,4.00E-02
1.04E-03,7.19999981,4.00E-02
1.04E-03,7.19999981,4.00E-02
1.04E-03,7.19999981,0
1.04E-03,7.19999981,4.00E-02
1.05E-03,7.19999981,4.00E-02
1.05E-03,7.19999981,4.00E-02
1.05E-03,7.19999981,0
1.05E-03,7.19999981,4.00E-02
1.05E-03,7.19999981,4.00E-02
1.05E-03,7.19999981,4.00E-02
1.05E-03,7.19999981,4.00E-02
1.05E-03,7.19999981,8.00E-02
1.05E-03,7.19999981,8.00E-02
1.06E-03,7.19999981,8.00E-02
1.06E-03,7.19999981,8.00E-02
1.06E-03,7.19999981,8.00E-02
1.06E-03,7.19999981,8.00E-02
1.06E-03,7.19999981,8.00E-02
1.06E-03,7.19999981,8.00E-02
1.06E-03,7.19999981,8.00E-02
1.06E-03,7.19999981,8.00E-02
1.06E-03,7.19999981,4.00E-02
1.06E-03,7.19999981,4.00E-02
1.07E-03,7.19999981,4.00E-02
1.07E-03,7.19999981,4.00E-02
1.07E-03,7.19999981,4.00E-02
1.07E-03,7.19999981,4.00E-02
1.07E-03,7.19999981,4.00E-02
1.07E-03,7.19999981,4.00E-02
1.07E-03,7.19999981,4.00E-02
1.07E-03,7.19999981,4.00E-02
1.07E-03,7.19999981,4.00E-02
1.07E-03,7.19999981,4.00E-02
1.07E-03,7.19999981,4.00E-02
1.08E-03,7.19999981,8.00E-02
1.08E-03,7.19999981,4.00E-02
1.08E-03,7.19999981,8.00E-02
1.08E-03,7.19999981,4.00E-02
1.08E-03,7.19999981,4.00E-02
1.08E-03,7.19999981,4.00E-02
1.08E-03,7.19999981,4.00E-02
1.08E-03,7.19999981,4.00E-02
1.08E-03,7.19999981,8.00E-02
1.09E-03,7.19999981,4.00E-02
1.09E-03,7.19999981,8.00E-02
1.09E-03,7.19999981,8.00E-02
1.09E-03,7.19999981,8.00E-02
1.09E-03,7.19999981,4.00E-02
1.09E-03,7.19999981,8.00E-02
1.09E-03,7.19999981,8.00E-02
1.09E-03,7.19999981,1.20E-01
1.09E-03,7.19999981,8.00E-02
1.09E-03,7.19999981,8.00E-02
1.10E-03,7.19999981,8.00E-02
1.10E-03,7.19999981,8.00E-02
1.10E-03,7.19999981,8.00E-02
1.10E-03,7.19999981,8.00E-02
1.10E-03,7.19999981,4.00E-02
1.10E-03,7.19999981,4.00E-02
1.10E-03,7.19999981,4.00E-02
1.10E-03,7.19999981,4.00E-02
1.10E-03,7.19999981,0
1.10E-03,7.19999981,4.00E-02
1.10E-03,7.19999981,4.00E-02
1.11E-03,7.19999981,4.00E-02
1.11E-03,7.19999981,4.00E-02
1.11E-03,7.19999981,4.00E-02
1.11E-03,7.19999981,4.00E-02
1.11E-03,7.19999981,4.00E-02
1.11E-03,7.19999981,8.00E-02
1.11E-03,7.19999981,8.00E-02
1.11E-03,7.19999981,8.00E-02
1.11E-03,7.19999981,8.00E-02
1.12E-03,7.19999981,8.00E-02
1.12E-03,7.19999981,8.00E-02
1.12E-03,7.19999981,8.00E-02
1.12E-03,7.19999981,8.00E-02
1.12E-03,7.19999981,8.00E-02
1.12E-03,7.19999981,8.00E-02
1.12E-03,7.19999981,8.00E-02
1.12E-03,7.19999981,8.00E-02
1.12E-03,7.19999981,8.00E-02
1.12E-03,7.19999981,8.00E-02
1.13E-03,7.19999981,8.00E-02
1.13E-03,7.19999981,8.00E-02
1.13E-03,7.19999981,8.00E-02
1.13E-03,7.19999981,8.00E-02
1.13E-03,7.19999981,8.00E-02
1.13E-03,7.19999981,8.00E-02
1.13E-03,7.19999981,8.00E-02
1.13E-03,7.19999981,8.00E-02
1.13E-03,7.19999981,8.00E-02
1.13E-03,7.19999981,8.00E-02
1.13E-03,7.19999981,4.00E-02
1.14E-03,7.19999981,4.00E-02
1.14E-03,7.19999981,4.00E-02
1.14E-03,7.19999981,4.00E-02
1.14E-03,7.19999981,4.00E-02
1.14E-03,7.19999981,4.00E-02
1.14E-03,7.19999981,4.00E-02
1.14E-03,7.19999981,4.00E-02
1.14E-03,7.19999981,4.00E-02
1.14E-03,7.19999981,4.00E-02
1.15E-03,7.19999981,8.00E-02
1.15E-03,7.19999981,8.00E-02
1.15E-03,7.19999981,8.00E-02
1.15E-03,7.19999981,1.20E-01
1.15E-03,7.19999981,8.00E-02
1.15E-03,7.19999981,1.20E-01
1.15E-03,7.19999981,1.20E-01
1.15E-03,7.19999981,8.00E-02
1.15E-03,7.19999981,8.00E-02
1.15E-03,7.19999981,1.20E-01
1.15E-03,7.19999981,8.00E-02
1.16E-03,7.19999981,8.00E-02
1.16E-03,7.19999981,8.00E-02
1.16E-03,7.19999981,8.00E-02
1.16E-03,7.19999981,8.00E-02
1.16E-03,7.19999981,8.00E-02
1.16E-03,7.19999981,4.00E-02
1.16E-03,7.19999981,4.00E-02
1.16E-03,7.19999981,4.00E-02
1.16E-03,7.19999981,8.00E-02
1.16E-03,7.19999981,8.00E-02
1.17E-03,7.19999981,8.00E-02
1.17E-03,7.19999981,8.00E-02
1.17E-03,7.19999981,8.00E-02
1.17E-03,7.19999981,8.00E-02
1.17E-03,7.19999981,4.00E-02
1.17E-03,7.19999981,8.00E-02
1.17E-03,7.19999981,4.00E-02
1.17E-03,7.19999981,8.00E-02
1.17E-03,7.19999981,4.00E-02
1.18E-03,7.19999981,4.00E-02
1.18E-03,7.19999981,8.00E-02
1.18E-03,7.19999981,4.00E-02
1.18E-03,7.19999981,8.00E-02
1.18E-03,7.19999981,8.00E-02
1.18E-03,7.19999981,8.00E-02
1.18E-03,7.19999981,8.00E-02
1.18E-03,7.19999981,8.00E-02
1.18E-03,7.19999981,1.20E-01
1.18E-03,7.19999981,1.20E-01
1.18E-03,7.19999981,1.20E-01
1.19E-03,7.19999981,1.20E-01
1.19E-03,7.19999981,1.20E-01
1.19E-03,7.19999981,1.20E-01
1.19E-03,7.19999981,1.20E-01
1.19E-03,7.19999981,8.00E-02
1.19E-03,7.19999981,8.00E-02
1.19E-03,7.19999981,8.00E-02
1.19E-03,7.19999981,8.00E-02
1.19E-03,7.19999981,4.00E-02
1.19E-03,7.19999981,4.00E-02
1.20E-03,7.19999981,4.00E-02
1.20E-03,7.19999981,4.00E-02
1.20E-03,7.19999981,4.00E-02
1.20E-03,7.19999981,4.00E-02
1.20E-03,7.19999981,4.00E-02
1.20E-03,7.19999981,4.00E-02
1.20E-03,7.19999981,4.00E-02
1.20E-03,7.19999981,4.00E-02
1.20E-03,7.19999981,8.00E-02
1.21E-03,7.19999981,8.00E-02
1.21E-03,7.19999981,8.00E-02
1.21E-03,7.19999981,8.00E-02
1.21E-03,7.19999981,8.00E-02
1.21E-03,7.19999981,8.00E-02
