-0.00129,0,0.04
-0.00129,0,0.04
-0.00129,0,0
-0.00129,0,0.04
-0.00129,0.2,0
-0.00129,0,0
-0.00128,0.2,0
-0.00128,0,0
-0.00128,0,-0.04
-0.00128,0,-0.04
-0.00128,0,-0.08
-0.00128,0,-0.08
-0.00128,0,-0.08
-0.00128,0,-0.08
-0.00128,0,-0.08
-0.00128,0,-0.08
-0.00127,0.2,-0.12
-0.00127,0,-0.12
-0.00127,0,-0.12
-0.00127,0,-0.12
-0.00127,0,-0.08
-0.00127,0,-0.04
-0.00127,0,0
-0.00127,0,0
-0.00127,0.2,0.04
-0.00127,0,0.08
-0.00126,0,0.08
-0.00126,0,0.12
-0.00126,0,0.12
-0.00126,0,0.12
-0.00126,0,0.12
-0.00126,0.2,0.08
-0.00126,0,0.08
-0.00126,0,0.04
-0.00126,0,0.04
-0.00126,0,0
-0.00125,0,-0.04
-0.00125,0,-0.04
-0.00125,0,-0.08
-0.00125,0,-0.08
-0.00125,0,-0.08
-0.00125,0,-0.12
-0.00125,0,-0.08
-0.00125,0,-0.08
-0.00125,0,-0.08
-0.00125,0,-0.08
-0.00124,0,-0.08
-0.00124,0,-0.08
-0.00124,0,-0.04
-0.00124,0,-0.04
-0.00124,0,-0.04
-0.00124,0,-0.04
-0.00124,0,-0.04
-0.00124,0,-0.04
-0.00124,0,0
-0.00124,0,0
-0.00123,0,0.04
-0.00123,0,0.04
-0.00123,0,0.08
-0.00123,0,0.04
-0.00123,0,0.08
-0.00123,0,0.08
-0.00123,0,0.08
-0.00123,0,0.08
-0.00123,0,0.08
-0.00123,0,0.08
-0.00122,0,0.08
-0.00122,0,0.04
-0.00122,0,0
-0.00122,0,-0.04
-0.00122,0,-0.04
-0.00122,0,-0.08
-0.00122,0,-0.12
-0.00122,0.2,-0.12
-0.00122,0,-0.12
-0.00122,0,-0.16
-0.00121,0.2,-0.12
-0.00121,0,-0.12
-0.00121,0,-0.12
-0.00121,0,-0.08
-0.00121,0.2,-0.08
-0.00121,0,-0.04
-0.00121,0,-0.04
-0.00121,0,0
-0.00121,0,0.04
-0.00121,0.2,0.04
-0.0012,0,0.04
-0.0012,0,0.08
-0.0012,0,0.08
-0.0012,0,0.08
-0.0012,0,0.08
-0.0012,0,0.08
-0.0012,0,0.04
-0.0012,0,0.04
-0.0012,0,0
-0.0012,0,0.04
-0.00119,0,0.04
-0.00119,0,0
-0.00119,0,0
-0.00119,0,0
-0.00119,0,0
-0.00119,0,0
-0.00119,0,-0.04
-0.00119,0,-0.04
-0.00119,0,-0.08
-0.00119,0,-0.08
-0.00118,0,-0.08
-0.00118,0,-0.12
-0.00118,0,-0.12
-0.00118,0,-0.12
-0.00118,0,-0.08
-0.00118,0,-0.08
-0.00118,0,-0.08
-0.00118,0,-0.08
-0.00118,0,-0.04
-0.00118,0,0
-0.00117,0,0
-0.00117,0,0.04
-0.00117,0,0.04
-0.00117,0,0.08
-0.00117,0,0.08
-0.00117,0,0.12
-0.00117,0.2,0.12
-0.00117,0,0.12
-0.00117,0,0.08
-0.00117,0,0.08
-0.00116,0,0.04
-0.00116,0,0.08
-0.00116,0,0
-0.00116,0.2,0
-0.00116,0,-0.04
-0.00116,0,-0.08
-0.00116,0,-0.08
-0.00116,0,-0.08
-0.00116,0.2,-0.08
-0.00116,0,-0.08
-0.00115,0,-0.12
-0.00115,0,-0.12
-0.00115,0,-0.08
-0.00115,0.2,-0.08
-0.00115,0,-0.04
-0.00115,0,-0.08
-0.00115,0,-0.04
-0.00115,0,-0.04
-0.00115,0,-0.04
-0.00115,0.2,0
-0.00114,0,0
-0.00114,0,0
-0.00114,0,0
-0.00114,0,0
-0.00114,0,0.04
-0.00114,0,0.04
-0.00114,0,0.08
-0.00114,0,0.08
-0.00114,0,0.08
-0.00114,0,0.08
-0.00113,0,0.08
-0.00113,0,0.08
-0.00113,0,0.08
-0.00113,0,0.08
-0.00113,0,0.04
-0.00113,0,0
-0.00113,0,-0.04
-0.00113,0,-0.04
-0.00113,0,-0.08
-0.00113,0,-0.08
-0.00112,0,-0.08
-0.00112,0,-0.12
-0.00112,0,-0.16
-0.00112,0,-0.16
-0.00112,0,-0.12
-0.00112,0,-0.12
-0.00112,0,-0.08
-0.00112,0,-0.08
-0.00112,0,-0.04
-0.00112,0,-0.04
-0.00111,0,0
-0.00111,0,0
-0.00111,0,0.04
-0.00111,0,0.04
-0.00111,0,0.08
-0.00111,0,0.08
-0.00111,0,0.08
-0.00111,0,0.08
-0.00111,0,0.04
-0.00111,0,0.08
-0.0011,0,0.04
-0.0011,0,0.04
-0.0011,0,0.04
-0.0011,0,0.04
-0.0011,0,0
-0.0011,0,0
-0.0011,0,0
-0.0011,0,0
-0.0011,0.2,-0.04
-0.0011,0,-0.04
-0.00109,0,-0.04
-0.00109,0,-0.08
-0.00109,0,-0.08
-0.00109,0,-0.08
-0.00109,0.2,-0.12
-0.00109,0,-0.12
-0.00109,0,-0.12
-0.00109,0,-0.08
-0.00109,0,-0.08
-0.00109,0,-0.08
-0.00108,0,-0.08
-0.00108,-0.2,-0.04
-0.00108,0,-0.04
-0.00108,0,0
-0.00108,0,0.04
-0.00108,0,0.04
-0.00108,0.2,0.08
-0.00108,0,0.08
-0.00108,0,0.08
-0.00108,0,0.12
-0.00107,0,0.08
-0.00107,0,0.08
-0.00107,0,0.08
-0.00107,0,0.04
-0.00107,0,0.04
-0.00107,0,0
-0.00107,0,0
-0.00107,0,-0.04
-0.00107,0,-0.08
-0.00107,0,-0.04
-0.00106,0,-0.08
-0.00106,0,-0.08
-0.00106,0,-0.08
-0.00106,0,-0.08
-0.00106,0,-0.08
-0.00106,0,-0.08
-0.00106,0,-0.04
-0.00106,0,-0.08
-0.00106,0,-0.04
-0.00106,0,-0.04
-0.00105,0.2,-0.04
-0.00105,0,-0.04
-0.00105,0,-0.04
-0.00105,0,0
-0.00105,0,0
-0.00105,0,0
-0.00105,0,0
-0.00105,0,0.04
-0.00105,0,0.04
-0.00105,0,0.04
-0.00104,0,0.08
-0.00104,0,0.08
-0.00104,0,0.08
-0.00104,0,0.08
-0.00104,0,0.08
-0.00104,0,0.08
-0.00104,0,0.08
-0.00104,0,0.04
-0.00104,0.2,0
-0.00104,0,0
-0.00103,0,-0.04
-0.00103,0,-0.04
-0.00103,0,-0.08
-0.00103,0,-0.12
-0.00103,0,-0.12
-0.00103,0,-0.12
-0.00103,0,-0.12
-0.00103,0,-0.12
-0.00103,0,-0.08
-0.00103,0,-0.08
-0.00102,0,-0.08
-0.00102,0,-0.04
-0.00102,0,0
-0.00102,0,0
-0.00102,0.2,0
-0.00102,0,0.04
-0.00102,0,0.08
-0.00102,0,0.08
-0.00102,0,0.08
-0.00102,0,0.04
-0.00101,0,0.08
-0.00101,0,0.08
-0.00101,0,0.04
-0.00101,0,0.04
-0.00101,0,0.04
-0.00101,0,0.04
-0.00101,0,0
-0.00101,0,0
-0.00101,0,0
-0.00101,0.2,0
-0.001,0.2,0
-0.001,0,0
-0.001,0,0
-0.001,0,-0.04
-0.001,0,-0.08
-0.000999,0,-0.04
-0.000998,0,-0.04
-0.000997,0,-0.08
-0.000996,0.2,-0.08
-0.000995,0,-0.08
-0.000994,0,-0.12
-0.000993,0,-0.08
-0.000992,0,-0.12
-0.000991,0,-0.08
-0.00099,0,-0.04
-0.000989,0,-0.04
-0.000988,0,-0.04
-0.000987,0,0.04
-0.000986,0,0.04
-0.000985,0,0.08
-0.000984,0,0.08
-0.000983,0,0.12
-0.000982,0,0.12
-0.000981,0,0.12
-0.00098,0,0.08
-0.000979,0.2,0.08
-0.000978,0,0.04
-0.000977,0,0.04
-0.000976,0,0
-0.000975,0.2,-0.04
-0.000974,0,-0.04
-0.000973,0,-0.04
-0.000972,0,-0.08
-0.000971,0,-0.08
-0.00097,0,-0.08
-0.000969,0,-0.08
-0.000968,0,-0.08
-0.000967,0,-0.08
-0.000966,0,-0.08
-0.000965,0,-0.08
-0.000964,0,-0.04
-0.000963,0,-0.04
-0.000962,0,-0.04
-0.000961,0,0
-0.00096,0,-0.04
-0.000959,0,-0.04
-0.000958,0,0
-0.000957,0.2,0
-0.000956,0,0
-0.000955,0,0
-0.000954,0,0.04
-0.000953,0,0.04
-0.000952,0,0.04
-0.000951,0,0.04
-0.00095,0,0.08
-0.000949,0,0.08
-0.000948,0.2,0.08
-0.000947,0.2,0.08
-0.000946,0.2,0.08
-0.000945,0,0.04
-0.000944,0,0.04
-0.000943,0,0.04
-0.000942,0,0
-0.000941,0,-0.04
-0.00094,0,-0.08
-0.000939,0,-0.08
-0.000938,0,-0.08
-0.000937,0,-0.08
-0.000936,0,-0.12
-0.000935,0,-0.12
-0.000934,0,-0.12
-0.000933,0,-0.12
-0.000932,0,-0.08
-0.000931,0,-0.08
-0.00093,0,-0.04
-0.000929,0,0
-0.000928,0,0
-0.000927,0,0
-0.000926,0,0.04
-0.000925,0,0.04
-0.000924,0,0.08
-0.000923,0,0.08
-0.000922,0,0.04
-0.000921,0,0.04
-0.00092,0,0.04
-0.000919,0,0.04
-0.000918,0,0.04
-0.000917,0,0.04
-0.000916,0,0
-0.000915,0,0
-0.000914,0,0.04
-0.000913,0,0
-0.000912,0,0
-0.000911,0,0
-0.00091,0,0
-0.000909,0,0
-0.000908,0,0
-0.000907,0.2,-0.04
-0.000906,0,-0.04
-0.000905,0,-0.08
-0.000904,0,-0.08
-0.000903,0,-0.08
-0.000902,0,-0.08
-0.000901,0,-0.08
-0.0009,0,-0.12
-0.000899,0,-0.08
-0.000898,0,-0.08
-0.000897,0,-0.04
-0.000896,0,0
-0.000895,0,0
-0.000894,0,0.04
-0.000893,0,0.04
-0.000892,0,0.08
-0.000891,0,0.08
-0.00089,0,0.08
-0.000889,0,0.12
-0.000888,0,0.08
-0.000887,0,0.08
-0.000886,0,0.08
-0.000885,0,0.04
-0.000884,0,0.04
-0.000883,0,0
-0.000882,0,0
-0.000881,0,-0.04
-0.00088,0,-0.04
-0.000879,0,-0.04
-0.000878,0.2,-0.08
-0.000877,0,-0.04
-0.000876,0.2,-0.08
-0.000875,0,-0.08
-0.000874,0,-0.08
-0.000873,0,-0.04
-0.000872,0,-0.04
-0.000871,0,-0.04
-0.00087,0,-0.04
-0.000869,0,0
-0.000868,0,-0.04
-0.000867,0.2,0
-0.000866,0,-0.04
-0.000865,0,-0.04
-0.000864,0,0
-0.000863,0,0
-0.000862,0,0
-0.000861,0,0
-0.00086,0,0.04
-0.000859,0.2,0.04
-0.000858,0,0.04
-0.000857,0,0.04
-0.000856,0.2,0.08
-0.000855,0,0.08
-0.000854,0,0.08
-0.000853,0,0.08
-0.000852,0,0.04
-0.000851,0,0.04
-0.00085,0,0.04
-0.000849,0,0
-0.000848,0,0
-0.000847,0,-0.04
-0.000846,0,-0.08
-0.000845,0,-0.08
-0.000844,0,-0.08
-0.000843,0,-0.08
-0.000842,0.2,-0.08
-0.000841,0,-0.12
-0.00084,0.2,-0.08
-0.000839,0,-0.08
-0.000838,0,-0.04
-0.000837,0,-0.04
-0.000836,0,0
-0.000835,0,0
-0.000834,0,0.04
-0.000833,0.2,0.04
-0.000832,0,0.04
-0.000831,0,0.08
-0.00083,0,0.04
-0.000829,0.2,0.04
-0.000828,0,0.04
-0.000827,0,0.04
-0.000826,0.2,0.04
-0.000825,0,0.04
-0.000824,0,0.04
-0.000823,0,0.04
-0.000822,0,0
-0.000821,0.2,0
-0.00082,0,0.04
-0.000819,0.2,0
-0.000818,0,0
-0.000817,0,0
-0.000816,0,0
-0.000815,0,0
-0.000814,0,-0.04
-0.000813,0,-0.04
-0.000812,0,-0.04
-0.000811,0.2,-0.08
-0.00081,0,-0.08
-0.000809,0,-0.08
-0.000808,0,-0.08
-0.000807,0.2,-0.08
-0.000806,0,-0.08
-0.000805,0,-0.08
-0.000804,0,-0.08
-0.000803,0,0
-0.000802,0,0
-0.000801,0,0.04
-0.0008,0,0.04
-0.000799,0,0.08
-0.000798,0,0.08
-0.000797,0,0.12
-0.000796,0,0.08
-0.000795,0.2,0.08
-0.000794,0,0.08
-0.000793,0,0.08
-0.000792,0,0.04
-0.000791,0,0.04
-0.00079,0,0
-0.000789,0,0
-0.000788,0,-0.04
-0.000787,0,-0.04
-0.000786,0,-0.04
-0.000785,0,-0.08
-0.000784,0,-0.08
-0.000783,0,-0.08
-0.000782,0.2,-0.08
-0.000781,0,-0.04
-0.00078,0,-0.04
-0.000779,0,-0.04
-0.000778,0.2,-0.04
-0.000777,0,-0.04
-0.000776,0,-0.04
-0.000775,0,0
-0.000774,0,0
-0.000773,0.2,-0.04
-0.000772,0,-0.04
-0.000771,0,0
-0.00077,0,0
-0.000769,0,0
-0.000768,0,0.04
-0.000767,0,0.04
-0.000766,0,0.04
-0.000765,0,0.04
-0.000764,0,0.04
-0.000763,0,0.08
-0.000762,0.2,2.91999984
-0.000761,0,2.91999984
-0.00076,0,3
-0.000759,0,2.96000004
-0.000758,0.2,3
-0.000757,0,2.96000004
-0.000756,0,2.96000004
-0.000755,0,2.96000004
-0.000754,0,3
-0.000753,0,2.96000004
-0.000752,0,3
-0.000751,0,2.96000004
-0.00075,0,2.96000004
-0.000749,0,3
-0.000748,0,2.96000004
-0.000747,0,2.96000004
-0.000746,0,2.96000004
-0.000745,0.2,2.96000004
-0.000744,0,2.96000004
-0.000743,0,2.96000004
-0.000742,0,2.96000004
-0.000741,0,2.96000004
-0.00074,0.2,2.96000004
-0.000739,0.2,2.96000004
-0.000738,0.2,2.96000004
-0.000737,0,2.96000004
-0.000736,0,2.96000004
-0.000735,0,3
-0.000734,0,3
-0.000733,0,3
-0.000732,0,3
-0.000731,0,2.96000004
-0.00073,0,2.96000004
-0.000729,0,2.96000004
-0.000728,0,2.96000004
-0.000727,0,3
-0.000726,0,3
-0.000725,0,2.96000004
-0.000724,0,2.96000004
-0.000723,0,2.96000004
-0.000722,0,2.96000004
-0.000721,0,2.96000004
-0.00072,0,2.96000004
-0.000719,0,2.96000004
-0.000718,0,3
-0.000717,0,2.96000004
-0.000716,0,3
-0.000715,0,3
-0.000714,0,2.96000004
-0.000713,0,3
-0.000712,0,2.96000004
-0.000711,0,3
-0.00071,0,3
-0.000709,0,2.96000004
-0.000708,0,3
-0.000707,0,2.96000004
-0.000706,0,2.96000004
-0.000705,0,2.96000004
-0.000704,0,2.96000004
-0.000703,0,2.96000004
-0.000702,0,2.96000004
-0.000701,0.2,3
-0.0007,0,3
-0.000699,0,3
-0.000698,0.2,3
-0.000697,0,2.96000004
-0.000696,0,3
-0.000695,0,3
-0.000694,0,2.96000004
-0.000693,0,2.96000004
-0.000692,0,2.96000004
-0.000691,0,2.96000004
-0.00069,0,3
-0.000689,0.2,2.96000004
-0.000688,0,2.96000004
-0.000687,0,2.96000004
-0.000686,0,2.96000004
-0.000685,0.2,2.96000004
-0.000684,0,3
-0.000683,0,3
-0.000682,0,3
-0.000681,0,3
-0.00068,0,3
-0.000679,0.2,3
-0.000678,0,2.96000004
-0.000677,0,2.96000004
-0.000676,0,2.96000004
-0.000675,0,2.96000004
-0.000674,0,2.96000004
-0.000673,0,3
-0.000672,0,3
-0.000671,0,3
-0.00067,0,3
-0.000669,0,3
-0.000668,0.2,2.96000004
-0.000667,0,3
-0.000666,0,2.96000004
-0.000665,0,2.96000004
-0.000664,0,2.96000004
-0.000663,0,3
-0.000662,0,3
-0.000661,0,2.96000004
-0.00066,0,3
-0.000659,0.2,3
-0.000658,0,3
-0.000657,0,2.96000004
-0.000656,0,2.96000004
-0.000655,0,2.96000004
-0.000654,0,3
-0.000653,0,2.96000004
-0.000652,0,3
-0.000651,0,3
-0.00065,0,2.96000004
-0.000649,0,3
-0.000648,0,2.96000004
-0.000647,0,2.96000004
-0.000646,0,2.96000004
-0.000645,0,3
-0.000644,0,2.96000004
-0.000643,0,2.96000004
-0.000642,0,2.96000004
-0.000641,0,2.96000004
-0.00064,0,3
-0.000639,0.2,2.96000004
-0.000638,0,3
-0.000637,0,3
-0.000636,0,3
-0.000635,0,3
-0.000634,0,2.96000004
-0.000633,0,3
-0.000632,0,2.96000004
-0.000631,0,2.96000004
-0.00063,0,3
-0.000629,0,3
-0.000628,0,3
-0.000627,0,3
-0.000626,0,2.96000004
-0.000625,0,2.96000004
-0.000624,0,3
-0.000623,0,3
-0.000622,0,3
-0.000621,0,3
-0.00062,0,3
-0.000619,0.2,2.96000004
-0.000618,0,2.96000004
-0.000617,0,3
-0.000616,0,2.96000004
-0.000615,0,2.96000004
-0.000614,0,3
-0.000613,0,3
-0.000612,0,3
-0.000611,0,2.96000004
-0.00061,0,2.96000004
-0.000609,0,2.96000004
-0.000608,0,3
-0.000607,0,3
-0.000606,0,2.96000004
-0.000605,0,3
-0.000604,0,2.96000004
-0.000603,0.2,3
-0.000602,0,3
-0.000601,0,2.96000004
-0.0006,0,3
-0.000599,0,2.96000004
-0.000598,0,3
-0.000597,0,2.96000004
-0.000596,0.2,3
-0.000595,0,3
-0.000594,0,3
-0.000593,0,3
-0.000592,0,3
-0.000591,0.2,3
-0.00059,0,2.96000004
-0.000589,0,2.96000004
-0.000588,0,2.96000004
-0.000587,0,3
-0.000586,0,2.96000004
-0.000585,0,2.96000004
-0.000584,0,3
-0.000583,0,2.96000004
-0.000582,0,3
-0.000581,0,3
-0.00058,0.2,2.96000004
-0.000579,0,3
-0.000578,0,3
-0.000577,0,3
-0.000576,0,3
-0.000575,0,3
-0.000574,0,2.96000004
-0.000573,0,3
-0.000572,0,3
-0.000571,0,2.96000004
-0.00057,0,3
-0.000569,0,2.96000004
-0.000568,0,2.96000004
-0.000567,0,3
-0.000566,0.2,3
-0.000565,0,3
-0.000564,0,2.96000004
-0.000563,0,3
-0.000562,0.2,2.96000004
-0.000561,0,3
-0.00056,0,2.96000004
-0.000559,0,3
-0.000558,0,2.96000004
-0.000557,0,2.96000004
-0.000556,0,2.96000004
-0.000555,0,2.96000004
-0.000554,0,2.96000004
-0.000553,0,2.96000004
-0.000552,0,2.96000004
-0.000551,0,3
-0.00055,0,3
-0.000549,0,2.96000004
-0.000548,0,3
-0.000547,0,2.96000004
-0.000546,0,3
-0.000545,0.2,3
-0.000544,0,2.96000004
-0.000543,0,2.96000004
-0.000542,0,2.96000004
-0.000541,0,3
-0.00054,0,2.96000004
-0.000539,0,2.96000004
-0.000538,0,2.96000004
-0.000537,0,2.96000004
-0.000536,0,3
-0.000535,0,3
-0.000534,0,2.96000004
-0.000533,0,2.96000004
-0.000532,0,3
-0.000531,0,2.96000004
-0.00053,0,2.96000004
-0.000529,0,3
-0.000528,0,2.96000004
-0.000527,0,3
-0.000526,0,3
-0.000525,0,2.96000004
-0.000524,0,3
-0.000523,0,3
-0.000522,0,2.96000004
-0.000521,0,2.96000004
-0.00052,0.2,3
-0.000519,0.2,2.96000004
-0.000518,0,2.96000004
-0.000517,0,2.96000004
-0.000516,0.2,3
-0.000515,0,2.96000004
-0.000514,0.2,2.96000004
-0.000513,0,3
-0.000512,0,2.96000004
-0.000511,0,2.96000004
-0.00051,0,3
-0.000509,0,3
-0.000508,0,3
-0.000507,0,2.96000004
-0.000506,0,2.96000004
-0.000505,0,2.96000004
-0.000504,0,3
-0.000503,0,2.96000004
-0.000502,0,3
-0.000501,0,2.96000004
-0.0005,0,3
-0.000499,0,2.96000004
-0.000498,0,3
-0.000497,0,2.96000004
-0.000496,0,2.96000004
-0.000495,0,3
-0.000494,0.2,2.96000004
-0.000493,0,2.96000004
-0.000492,0.2,3
-0.000491,0,2.96000004
-0.00049,0,3
-0.000489,0,2.96000004
-0.000488,0,3
-0.000487,0,2.96000004
-0.000486,0,3
-0.000485,0.2,3
-0.000484,0,3
-0.000483,0,3
-0.000482,0,2.96000004
-0.000481,0,3
-0.00048,0.2,2.96000004
-0.000479,0.2,2.96000004
-0.000478,0,3
-0.000477,0,2.96000004
-0.000476,0.2,3
-0.000475,0,2.96000004
-0.000474,0.2,2.96000004
-0.000473,0,3
-0.000472,0.2,3
-0.000471,0,3
-0.00047,0.2,2.96000004
-0.000469,0,3
-0.000468,0.2,3
-0.000467,0,3
-0.000466,0.2,2.96000004
-0.000465,0.2,3
-0.000464,0.2,3
-0.000463,0.2,3
-0.000462,0.2,3
-0.000461,0.2,2.96000004
-0.00046,0.2,3
-0.000459,0.2,3
-0.000458,0.2,2.96000004
-0.000457,0.2,2.96000004
-0.000456,0,3
-0.000455,0.2,3
-0.000454,0.2,2.96000004
-0.000453,0.2,3
-0.000452,0.2,3
-0.000451,0.2,3
-0.00045,0.2,3
-0.000449,0.2,2.96000004
-0.000448,0.2,2.96000004
-0.000447,0.2,3
-0.000446,0.2,3
-0.000445,0.2,2.96000004
-0.000444,0.2,2.96000004
-0.000443,0.2,2.96000004
-0.000442,0.2,3
-0.000441,0.2,2.96000004
-0.00044,0.2,2.96000004
-0.000439,0.2,2.96000004
-0.000438,0.2,3
-0.000437,0.2,2.96000004
-0.000436,0.2,2.96000004
-0.000435,0.2,3
-0.000434,0.2,3
-0.000433,0.4,2.96000004
-0.000432,0.2,2.96000004
-0.000431,0.2,2.96000004
-0.00043,0.2,2.96000004
-0.000429,0.2,2.96000004
-0.000428,0.2,2.96000004
-0.000427,0.2,3
-0.000426,0.2,3
-0.000425,0.4,3
-0.000424,0.2,3
-0.000423,0.4,3
-0.000422,0.4,3
-0.000421,0.2,2.96000004
-0.00042,0.4,2.96000004
-0.000419,0.2,2.96000004
-0.000418,0.4,2.96000004
-0.000417,0.4,3
-0.000416,0.4,2.96000004
-0.000415,0.4,2.96000004
-0.000414,0.4,2.96000004
-0.000413,0.4,2.96000004
-0.000412,0.4,2.96000004
-0.000411,0.4,3
-0.00041,0.4,2.96000004
-0.000409,0.4,2.96000004
-0.000408,0.4,2.96000004
-0.000407,0.4,2.96000004
-0.000406,0.4,2.96000004
-0.000405,0.4,3
-0.000404,0.4,2.96000004
-0.000403,0.4,2.96000004
-0.000402,0.4,3
-0.000401,0.4,2.96000004
-0.0004,0.4,2.96000004
-0.000399,0.4,2.96000004
-0.000398,0.4,2.96000004
-0.000397,0.4,2.96000004
-0.000396,0.4,2.96000004
-0.000395,0.4,2.96000004
-0.000394,0.6,3
-0.000393,0.4,2.96000004
-0.000392,0.6,3
-0.000391,0.4,2.96000004
-0.00039,0.4,2.96000004
-0.000389,0.4,2.96000004
-0.000388,0.6,2.96000004
-0.000387,0.6,3
-0.000386,0.6,3
-0.000385,0.6,2.96000004
-0.000384,0.6,2.96000004
-0.000383,0.6,3
-0.000382,0.6,2.96000004
-0.000381,0.6,3
-0.00038,0.6,2.96000004
-0.000379,0.8,3
-0.000378,0.6,3
-0.000377,0.6,2.96000004
-0.000376,0.6,2.96000004
-0.000375,0.8,2.96000004
-0.000374,0.8,3
-0.000373,0.8,2.96000004
-0.000372,0.8,3
-0.000371,0.8,2.96000004
-0.00037,0.8,2.96000004
-0.000369,0.8,2.96000004
-0.000368,0.8,2.96000004
-0.000367,0.8,3
-0.000366,0.8,2.96000004
-0.000365,0.8,3
-0.000364,0.8,2.96000004
-0.000363,0.8,3
-0.000362,0.8,2.96000004
-0.000361,0.8,3
-0.00036,0.8,2.96000004
-0.000359,0.8,2.96000004
-0.000358,0.8,2.96000004
-0.000357,0.8,2.96000004
-0.000356,0.8,2.96000004
-0.000355,0.8,2.96000004
-0.000354,1,2.96000004
-0.000353,0.8,2.96000004
-0.000352,0.8,2.96000004
-0.000351,1,2.96000004
-0.00035,1,2.96000004
-0.000349,0.8,3
-0.000348,1,2.96000004
-0.000347,1,2.96000004
-0.000346,1,2.96000004
-0.000345,1,2.96000004
-0.000344,1,2.96000004
-0.000343,1,3
-0.000342,1,2.96000004
-0.000341,1,3
-0.00034,1,2.96000004
-0.000339,1,2.96000004
-0.000338,1,2.96000004
-0.000337,1,2.96000004
-0.000336,1,3
-0.000335,1,3
-0.000334,1,3
-0.000333,1.2,2.96000004
-0.000332,1,3
-0.000331,1,2.96000004
-0.00033,1.2,2.96000004
-0.000329,1.2,2.96000004
-0.000328,1.2,2.96000004
-0.000327,1.2,2.96000004
-0.000326,1.2,3
-0.000325,1.2,2.96000004
-0.000324,1.2,3
-0.000323,1.2,3
-0.000322,1.2,3
-0.000321,1.2,3
-0.00032,1.2,2.96000004
-0.000319,1.2,3
-0.000318,1.4,2.96000004
-0.000317,1.4,3
-0.000316,1.4,2.96000004
-0.000315,1.4,3
-0.000314,1.4,2.96000004
-0.000313,1.2,2.96000004
-0.000312,1.4,2.96000004
-0.000311,1.4,3
-0.00031,1.4,3
-0.000309,1.4,3
-0.000308,1.4,3
-0.000307,1.4,2.96000004
-0.000306,1.4,3
-0.000305,1.4,2.96000004
-0.000304,1.4,2.96000004
-0.000303,1.4,3
-0.000302,1.4,3
-0.000301,1.4,2.96000004
-0.0003,1.4,3
-0.000299,1.6,2.96000004
-0.000298,1.6,2.96000004
-0.000297,1.6,3
-0.000296,1.6,3
-0.000295,1.6,3
-0.000294,1.6,2.96000004
-0.000293,1.6,3
-0.000292,1.6,2.96000004
-0.000291,1.6,3
-0.00029,1.6,2.96000004
-0.000289,1.6,2.96000004
-0.000288,1.6,2.96000004
-0.000287,1.6,3
-0.000286,1.6,3
-0.000285,1.6,2.96000004
-0.000284,1.6,2.96000004
-0.000283,1.6,2.96000004
-0.000282,1.6,2.91999984
-0.000281,1.6,2.91999984
-0.00028,1.6,2.96000004
-0.000279,1.6,2.91999984
-0.000278,1.6,2.91999984
-0.000277,1.8000001,2.91999984
-0.000276,1.6,2.91999984
-0.000275,1.8000001,2.91999984
-0.000274,1.8000001,2.91999984
-0.000273,1.8000001,2.87999988
-0.000272,1.8000001,2.83999991
-0.000271,1.6,2.83999991
-0.00027,1.8000001,2.79999995
-0.000269,1.6,2.75999999
-0.000268,1.8000001,2.75999999
-0.000267,1.8000001,2.72000003
-0.000266,1.8000001,2.6799998
-0.000265,1.8000001,2.6799998
-0.000264,1.8000001,2.6799998
-0.000263,1.8000001,2.6399999
-0.000262,1.8000001,2.6399999
-0.000261,1.8000001,2.6399999
-0.00026,1.8000001,2.6399999
-0.000259,1.8000001,2.5999999
-0.000258,2,2.5999999
-0.000257,1.8000001,2.5999999
-0.000256,2,2.5599999
-0.000255,1.8000001,2.52
-0.000254,2,2.52
-0.000253,1.8000001,2.48
-0.000252,2,2.4400001
-0.000251,2,2.4400001
-0.00025,2,2.3999999
-0.000249,2,2.3999999
-0.000248,2,2.3599999
-0.000247,2,2.3599999
-0.000246,2,2.3599999
-0.000245,2,2.3599999
-0.000244,2,2.3999999
-0.000243,2,2.3599999
-0.000242,2,2.3599999
-0.000241,2,2.3599999
-0.00024,2,2.3599999
-0.000239,2,2.3599999
-0.000238,2,2.3599999
-0.000237,2,2.3199999
-0.000236,2,2.28
-0.000235,2,2.28
-0.000234,2,2.24
-0.000233,2,2.24
-0.000232,2,2.2
-0.000231,2,2.1599998
-0.00023,2,2.1199999
-0.000229,2,2.1199999
-0.000228,2,2.0799999
-0.000227,2,2.0799999
-0.000226,2,2.0799999
-0.000225,2.2,2.04
-0.000224,2,2.04
-0.000223,2.2,2.0799999
-0.000222,2,2.04
-0.000221,2,2.04
-0.00022,2.2,2.04
-0.000219,2,2.04
-0.000218,2.2,2.04
-0.000217,2.2,2
-0.000216,2.2,2
-0.000215,2.2,1.9599999
-0.000214,2.2,1.9599999
-0.000213,2.2,1.92
-0.000212,2.2,1.92
-0.000211,2.2,1.88
-0.00021,2.2,1.88
-0.000209,2.2,1.88
-0.000208,2.2,1.88
-0.000207,2.2,1.88
-0.000206,2.2,1.88
-0.000205,2.2,1.88
-0.000204,2.2,1.88
-0.000203,2.2,1.88
-0.000202,2.2,1.88
-0.000201,2.2,1.8399999
-0.0002,2.2,1.8
-0.000199,2.2,1.8
-0.000198,2.2,1.76
-0.000197,2.2,1.76
-0.000196,2.2,1.7199999
-0.000195,2.2,1.7199999
-0.000194,2.2,1.6799999
-0.000193,2.2,1.64
-0.000192,2.2,1.64
-0.000191,2.2,1.64
-0.00019,2.2,1.64
-0.000189,2.2,1.64
-0.000188,2.2,1.64
-0.000187,2.2,1.64
-0.000186,2.2,1.64
-0.000185,2.4000001,1.6799999
-0.000184,2.2,1.64
-0.000183,2.2,1.6799999
-0.000182,2.4000001,1.6799999
-0.000181,2.2,1.6799999
-0.00018,2.2,1.5999999
-0.000179,2.4000001,1.5999999
-0.000178,2.4000001,1.5599999
-0.000177,2.2,1.5599999
-0.000176,2.4000001,1.52
-0.000175,2.4000001,1.52
-0.000174,2.2,1.52
-0.000173,2.2,1.52
-0.000172,2.4000001,1.52
-0.000171,2.2,1.48
-0.00017,2.2,1.48
-0.000169,2.2,1.48
-0.000168,2.4000001,1.48
-0.000167,2.4000001,1.48
-0.000166,2.4000001,1.48
-0.000165,2.4000001,1.4399999
-0.000164,2.4000001,1.48
-0.000163,2.4000001,1.4399999
-0.000162,2.4000001,1.4399999
-0.000161,2.4000001,1.4
-0.00016,2.4000001,1.36
-0.000159,2.4000001,1.36
-0.000158,2.4000001,1.36
-0.000157,2.4000001,1.3199999
-0.000156,2.4000001,1.3199999
-0.000155,2.4000001,1.3199999
-0.000154,2.4000001,1.3199999
-0.000153,2.4000001,1.3199999
-0.000152,2.4000001,1.3199999
-0.000151,2.4000001,1.3199999
-0.00015,2.4000001,1.3199999
-0.000149,2.4000001,1.3199999
-0.000148,2.4000001,1.36
-0.000147,2.4000001,1.3199999
-0.000146,2.4000001,1.36
-0.000145,2.4000001,1.3199999
-0.000144,2.4000001,1.3199999
-0.000143,2.6000001,1.3199999
-0.000142,2.4000001,1.28
-0.000141,2.4000001,1.24
-0.00014,2.6000001,1.1999999
-0.000139,2.4000001,1.1999999
-0.000138,2.6000001,1.1999999
-0.000137,2.4000001,1.16
-0.000136,2.6000001,1.16
-0.000135,2.6000001,1.16
-0.000134,2.6000001,1.16
-0.000133,2.4000001,1.12
-0.000132,2.6000001,1.16
-0.000131,2.6000001,1.12
-0.00013,2.6000001,1.16
-0.000129,2.6000001,1.12
-0.000128,2.6000001,1.16
-0.000127,2.6000001,1.16
-0.000126,2.6000001,1.16
-0.000125,2.6000001,1.16
-0.000124,2.6000001,1.16
-0.000123,2.6000001,1.12
-0.000122,2.6000001,1.12
-0.000121,2.6000001,1.12
-0.00012,2.6000001,1.0799999
-0.000119,2.6000001,1.0799999
-0.000118,2.6000001,1.04
-0.000117,2.6000001,1.0799999
-0.000116,2.6000001,1.04
-0.000115,2.6000001,1.04
-0.000114,2.6000001,1.0799999
-0.000113,2.6000001,1.04
-0.000112,2.6000001,1.04
-0.000111,2.6000001,1.04
-0.00011,2.6000001,1.04
-0.000109,2.6000001,1.0799999
-0.000108,2.6000001,1.04
-0.000107,2.6000001,1.04
-0.000106,2.6000001,1
-0.000105,2.79999995,1
-0.000104,2.6000001,0.96
-0.000103,2.79999995,0.96
-0.000102,2.6000001,0.92
-0.000101,2.79999995,0.92
-0.0001,2.79999995,0.92
-0.000099,2.79999995,0.88
-0.000098,2.79999995,0.88
-0.000097,2.79999995,0.88
-0.000096,2.79999995,0.88
-0.000095,2.79999995,0.92
-0.000094,2.79999995,0.92
-0.000093,2.79999995,0.92
-0.000092,2.79999995,0.92
-0.000091,2.79999995,0.96
-0.00009,2.79999995,0.96
-0.000089,2.79999995,0.96
-0.000088,2.79999995,0.96
-0.000087,2.79999995,0.96
-0.000086,2.79999995,0.88
-0.000085,2.79999995,0.88
-0.000084,2.79999995,0.88
-0.000083,2.79999995,0.84
-0.000082,2.79999995,0.84
-0.000081,2.79999995,0.8
-0.00008,2.79999995,0.8
-0.000079,2.79999995,0.8
-0.000078,3,0.8
-0.000077,2.79999995,0.8
-0.000076,2.79999995,0.8
-0.000075,2.79999995,0.84
-0.000074,2.79999995,0.8
-0.000073,3,0.8
-0.000072,2.79999995,0.8
-0.000071,2.79999995,0.8
-0.00007,3,0.8
-0.000069,3,0.8
-0.000068,3,0.76
-0.000067,2.79999995,0.76
-0.000066,3,0.76
-0.000065,3,0.76
-0.000064,3,0.76
-0.000063,3,0.72
-0.000062,3,0.72
-0.000061,3,0.76
-0.00006,3,0.76
-0.000059,3,0.72
-0.000058,3,0.76
-0.000057,3,0.76
-0.000056,3,0.76
-0.000055,3,0.76
-0.000054,3,0.8
-0.000053,3,0.8
-0.000052,3,0.76
-0.000051,3,0.76
-0.00005,3,0.76
-0.000049,3,0.72
-0.000048,3.20000005,0.72
-0.000047,3,0.68
-0.000046,3.20000005,0.68
-0.000045,3,0.64
-0.000044,3.20000005,0.64
-0.000043,3.20000005,0.64
-0.000042,3.20000005,0.64
-0.000041,3.20000005,0.64
-0.00004,3.20000005,0.64
-0.000039,3.20000005,0.64
-0.000038,3.20000005,0.64
-0.000037,3.20000005,0.64
-0.000036,3.20000005,0.64
-0.000035,3.20000005,0.64
-0.000034,3.20000005,0.68
-0.000033,3.20000005,0.68
-0.000032,3.20000005,0.68
-0.000031,3.20000005,0.68
-0.00003,3.20000005,0.64
-0.000029,3.20000005,0.64
-0.000028,3.4000001,0.64
-0.000027,3.20000005,0.6
-0.000026,3.4000001,0.6
-0.000025,3.4000001,0.6
-0.000024,3.20000005,0.64
-0.000023,3.4000001,0.6
-0.000022,3.4000001,0.6
-0.000021,3.4000001,0.6
-0.00002,3.4000001,0.64
-0.000019,3.4000001,0.6
-0.000018,3.4000001,0.6
-0.000017,3.4000001,0.6
-0.000016,3.4000001,0.6
-0.000015,3.4000001,0.6
-0.000014,3.4000001,0.6
-0.000013,3.4000001,0.6
-0.000012,3.4000001,0.56
-0.000011,3.60000014,0.56
-0.00001,3.4000001,0.52
-0.000009,3.4000001,0.52
-0.000008,3.4000001,0.48
-0.000007,3.4000001,0.48
-0.000006,3.4000001,0.48
-0.000005,3.4000001,0.52
-0.000004,3.60000014,0.48
-0.000003,3.4000001,0.48
-0.000002,3.4000001,0.52
-0.000001,3.60000014,0.56
-4.71E-11,3.60000014,0.56
0.000001,3.4000001,0.56
0.000002,3.60000014,0.56
0.000003,3.60000014,0.56
0.000004,3.60000014,0.56
0.000005,3.60000014,0.56
0.000006,3.60000014,0.56
0.000007,3.79999995,0.52
0.000008,3.60000014,0.52
0.000009,3.60000014,0.52
0.00001,3.79999995,0.48
0.000011,3.60000014,0.48
0.000012,3.60000014,0.48
0.000013,3.79999995,0.44
0.000014,3.60000014,0.44
0.000015,3.79999995,0.44
0.000016,3.79999995,0.44
0.000017,3.79999995,0.48
0.000018,3.79999995,0.44
0.000019,3.79999995,0.44
0.00002,3.79999995,0.44
0.000021,3.79999995,0.48
0.000022,4,0.48
0.000023,3.79999995,0.44
0.000024,3.79999995,0.44
0.000025,3.79999995,0.44
0.000026,3.79999995,0.44
0.000027,4,0.44
0.000028,4,0.44
0.000029,3.79999995,0.4
0.00003,4,0.44
0.000031,4,0.4
0.000032,4,0.44
0.000033,4,0.44
0.000034,4,0.44
0.000035,4,0.44
0.000036,4,0.44
0.000037,4,0.44
0.000038,4,0.44
0.000039,4,0.44
0.00004,4,0.48
0.000041,4,0.44
0.000042,4,0.44
0.000043,4,0.44
0.000044,4,0.44
0.000045,4,0.44
0.000046,4,0.4
0.000047,4,0.4
0.000048,4.20000029,0.36
0.000049,4.20000029,0.32
0.00005,4.20000029,0.32
0.000051,4.20000029,0.32
0.000052,4.20000029,0.32
0.000053,4.20000029,0.32
0.000054,4.20000029,0.36
0.000055,4.20000029,0.32
0.000056,4.20000029,0.36
0.000057,4.20000029,0.36
0.000058,4.20000029,0.4
0.000059,4.20000029,0.4
0.00006,4.20000029,0.4
0.000061,4.20000029,0.4
0.000062,4.20000029,0.4
0.000063,4.20000029,0.4
0.000064,4.4000001,0.4
0.000065,4.4000001,0.36
0.000066,4.20000029,0.36
0.000067,4.4000001,0.36
0.000068,4.4000001,0.36
0.000069,4.4000001,0.36
0.00007,4.4000001,0.36
0.000071,4.20000029,0.32
0.000072,4.4000001,0.36
0.000073,4.4000001,0.36
0.000074,4.4000001,0.36
0.000075,4.4000001,0.36
0.000076,4.4000001,0.32
0.000077,4.4000001,0.36
0.000078,4.4000001,0.36
0.000079,4.4000001,0.32
0.00008,4.5999999,0.32
0.000081,4.4000001,0.28
0.000082,4.4000001,0.28
0.000083,4.4000001,0.28
0.000084,4.4000001,0.28
0.000085,4.4000001,0.28
0.000086,4.4000001,0.24
0.000087,4.4000001,0.24
0.000088,4.4000001,0.24
0.000089,4.4000001,0.28
0.00009,4.4000001,0.28
0.000091,4.5999999,0.32
0.000092,4.5999999,0.28
0.000093,4.5999999,0.32
0.000094,4.4000001,0.32
0.000095,4.5999999,0.36
0.000096,4.5999999,0.36
0.000097,4.5999999,0.36
0.000098,4.5999999,0.36
0.000099,4.5999999,0.32
0.0001,4.5999999,0.32
0.000101,4.5999999,0.28
0.000102,4.5999999,0.28
0.000103,4.5999999,0.28
0.000104,4.5999999,0.28
0.000105,4.5999999,0.24
0.000106,4.5999999,0.24
0.000107,4.5999999,0.24
0.000108,4.5999999,0.24
0.000109,4.5999999,0.24
0.00011,4.5999999,0.24
0.000111,4.5999999,0.28
0.000112,4.5999999,0.28
0.000113,4.5999999,0.28
0.000114,4.5999999,0.24
0.000115,4.5999999,0.28
0.000116,4.5999999,0.28
0.000117,4.5999999,0.24
0.000118,4.5999999,0.24
0.000119,4.5999999,0.24
0.00012,4.5999999,0.24
0.000121,4.5999999,0.24
0.000122,4.5999999,0.24
0.000123,4.80000019,0.24
0.000124,4.80000019,0.2
0.000125,4.5999999,0.24
0.000126,4.5999999,0.24
0.000127,4.80000019,0.24
0.000128,4.80000019,0.24
0.000129,4.80000019,0.28
0.00013,4.5999999,0.28
0.000131,4.80000019,0.28
0.000132,4.5999999,0.28
0.000133,4.5999999,0.28
0.000134,4.80000019,0.28
0.000135,4.80000019,0.24
0.000136,4.80000019,0.28
0.000137,4.80000019,0.24
0.000138,4.5999999,0.2
0.000139,4.80000019,0.16
0.00014,4.80000019,0.2
0.000141,4.80000019,0.16
0.000142,4.80000019,0.16
0.000143,4.80000019,0.16
0.000144,4.80000019,0.12
0.000145,4.80000019,0.16
0.000146,4.80000019,0.16
0.000147,4.80000019,0.16
0.000148,4.80000019,0.2
0.000149,4.80000019,0.2
0.00015,4.80000019,0.2
0.000151,4.80000019,0.24
0.000152,4.80000019,0.24
0.000153,4.80000019,0.24
0.000154,4.80000019,0.24
0.000155,4.80000019,0.24
0.000156,4.80000019,0.2
0.000157,4.80000019,0.2
0.000158,5,0.2
0.000159,4.80000019,0.2
0.00016,4.80000019,0.2
0.000161,4.80000019,0.2
0.000162,4.80000019,0.2
0.000163,4.80000019,0.16
0.000164,4.80000019,0.16
0.000165,5,0.2
0.000166,4.80000019,0.2
0.000167,4.80000019,0.2
0.000168,4.80000019,0.2
0.000169,4.80000019,0.16
0.00017,5,0.2
0.000171,5,0.2
0.000172,4.80000019,0.2
0.000173,4.80000019,0.16
0.000174,4.80000019,0.16
0.000175,4.80000019,0.12
0.000176,5,0.12
0.000177,4.80000019,0.12
0.000178,4.80000019,0.12
0.000179,5,0.08
0.00018,4.80000019,0.12
0.000181,4.80000019,0.12
0.000182,4.80000019,0.12
0.000183,4.80000019,0.12
0.000184,4.80000019,0.16
0.000185,4.80000019,0.16
0.000186,4.80000019,0.2
0.000187,4.80000019,0.2
0.000188,5,0.2
0.000189,4.80000019,0.24
0.00019,5,0.2
0.000191,5,0.2
0.000192,4.80000019,0.2
0.000193,5,0.2
0.000194,4.80000019,0.16
0.000195,4.80000019,0.16
0.000196,4.80000019,0.16
0.000197,4.80000019,0.12
0.000198,4.80000019,0.12
0.000199,4.80000019,0.12
0.0002,4.80000019,0.08
0.000201,4.80000019,0.08
0.000202,4.80000019,0.12
0.000203,4.80000019,0.12
0.000204,5,0.12
0.000205,4.80000019,0.12
0.000206,4.80000019,0.12
0.000207,4.80000019,0.16
0.000208,5,0.12
0.000209,4.80000019,0.16
0.00021,5,0.12
0.000211,4.80000019,0.12
0.000212,4.80000019,0.08
0.000213,5,0.12
0.000214,4.80000019,0.12
0.000215,5,0.12
0.000216,4.80000019,0.08
0.000217,5,0.08
0.000218,4.80000019,0.12
0.000219,4.80000019,0.08
0.00022,4.80000019,0.12
0.000221,4.80000019,0.12
0.000222,4.80000019,0.16
0.000223,4.80000019,0.16
0.000224,4.80000019,0.16
0.000225,4.80000019,0.2
0.000226,5,0.16
0.000227,4.80000019,0.16
0.000228,5,0.16
0.000229,5,0.16
0.00023,5,0.12
0.000231,5,0.08
0.000232,4.80000019,0.08
0.000233,5,0.08
0.000234,4.80000019,0.08
0.000235,4.80000019,0.04
0.000236,5,0.04
0.000237,4.80000019,0.04
0.000238,4.80000019,0.04
0.000239,4.80000019,0.08
0.00024,5,0.08
0.000241,4.80000019,0.08
0.000242,5,0.08
0.000243,5,0.08
0.000244,4.80000019,0.12
0.000245,4.80000019,0.12
0.000246,4.80000019,0.12
0.000247,4.80000019,0.12
0.000248,4.80000019,0.12
0.000249,5,0.12
0.00025,5,0.12
0.000251,4.80000019,0.12
0.000252,5,0.12
0.000253,4.80000019,0.08
0.000254,4.80000019,0.08
0.000255,4.80000019,0.08
0.000256,5,0.08
0.000257,5,0.08
0.000258,4.80000019,0.08
0.000259,5,0.12
0.00026,4.80000019,0.12
0.000261,4.80000019,0.08
0.000262,4.80000019,0.12
0.000263,5,0.08
0.000264,5,0.08
0.000265,4.80000019,0.08
0.000266,5,0.08
0.000267,4.80000019,0.08
0.000268,5,0.04
0.000269,5,0.04
0.00027,4.80000019,0.04
0.000271,5,0.04
0.000272,4.80000019,0.04
0.000273,5,0
0.000274,5,0.04
0.000275,4.80000019,0.04
0.000276,5,0.08
0.000277,5,0.08
0.000278,5,0.08
0.000279,4.80000019,0.08
0.00028,5,0.12
0.000281,5,0.12
0.000282,4.80000019,0.12
0.000283,4.80000019,0.12
0.000284,4.80000019,0.12
0.000285,5,0.12
0.000286,5,0.12
0.000287,5,0.08
0.000288,5,0.08
0.000289,4.80000019,0.08
0.00029,5,0.08
0.000291,5,0.04
0.000292,5,0.04
0.000293,5,0.04
0.000294,5,0.04
0.000295,5,0.04
0.000296,5,0.04
0.000297,5,0.04
0.000298,5,0.04
0.000299,5,0.04
0.0003,5,0.08
0.000301,5,0.04
0.000302,5,0.08
0.000303,5,0.04
0.000304,5,0.04
0.000305,5,0.04
0.000306,5,0.04
0.000307,5,0.04
0.000308,5,0.04
0.000309,5,0.04
0.00031,5,0.04
0.000311,5,0.04
0.000312,5,0.08
0.000313,5,0.08
0.000314,5,0.08
0.000315,5,0.08
0.000316,5,0.12
0.000317,5,0.12
0.000318,5,0.12
0.000319,5,0.12
0.00032,5,0.12
0.000321,5.20000029,0.12
0.000322,5,0.08
0.000323,5.20000029,0.08
0.000324,5.20000029,0.04
0.000325,5,0
0.000326,5,0.04
0.000327,5,0
0.000328,5,0
0.000329,5.20000029,-0.04
0.00033,5.20000029,0
0.000331,5.20000029,0
0.000332,5.20000029,0
0.000333,5.20000029,0
0.000334,5.20000029,0
0.000335,5.20000029,0.04
0.000336,5,0.04
0.000337,5.20000029,0.08
0.000338,5.20000029,0.08
0.000339,5.20000029,0.08
0.00034,5.20000029,0.08
0.000341,5.20000029,0.08
0.000342,5.20000029,0.08
0.000343,5.20000029,0.04
0.000344,5.20000029,0.08
0.000345,5.20000029,0.04
0.000346,5.20000029,0.04
0.000347,5.20000029,0.04
0.000348,5.20000029,0.04
0.000349,5.20000029,0.04
0.00035,5.4000001,0.08
0.000351,5.20000029,0.08
0.000352,5.20000029,0.08
0.000353,5.20000029,0.04
0.000354,5.4000001,0.08
0.000355,5.20000029,0.08
0.000356,5.4000001,0.08
0.000357,5.4000001,0.04
0.000358,5.4000001,0.04
0.000359,5.20000029,0.04
0.00036,5.4000001,0
0.000361,5.4000001,0
0.000362,5.4000001,0
0.000363,5.20000029,0
0.000364,5.4000001,0
0.000365,5.4000001,0
0.000366,5.4000001,-0.04
0.000367,5.4000001,0
0.000368,5.4000001,0
0.000369,5.4000001,0
0.00037,5.4000001,0.04
0.000371,5.4000001,0.04
0.000372,5.4000001,0.08
0.000373,5.4000001,0.08
0.000374,5.4000001,0.12
0.000375,5.5999999,0.08
0.000376,5.4000001,0.12
0.000377,5.4000001,0.08
0.000378,5.4000001,0.08
0.000379,5.5999999,0.08
0.00038,5.4000001,0.08
0.000381,5.5999999,0.08
0.000382,5.4000001,0.04
0.000383,5.5999999,0.04
0.000384,5.4000001,0
0.000385,5.5999999,0
0.000386,5.5999999,0
0.000387,5.5999999,0
0.000388,5.5999999,0
0.000389,5.5999999,0
0.00039,5.5999999,0
0.000391,5.5999999,0
0.000392,5.5999999,0.04
0.000393,5.4000001,0.04
0.000394,5.5999999,0.04
0.000395,5.5999999,0.04
0.000396,5.5999999,0.04
0.000397,5.5999999,0
0.000398,5.5999999,0
0.000399,5.5999999,0
0.0004,5.5999999,0
0.000401,5.5999999,0
0.000402,5.5999999,0
0.000403,5.5999999,0
0.000404,5.5999999,0.04
0.000405,5.5999999,0.04
0.000406,5.5999999,0.04
0.000407,5.5999999,0.08
0.000408,5.5999999,0.08
0.000409,5.5999999,0.08
0.00041,5.5999999,0.08
0.000411,5.5999999,0.08
0.000412,5.5999999,0.08
0.000413,5.5999999,0.08
0.000414,5.5999999,0.08
0.000415,5.5999999,0.04
0.000416,5.5999999,0.04
0.000417,5.5999999,0
0.000418,5.5999999,0
0.000419,5.5999999,0
0.00042,5.5999999,-0.04
0.000421,5.5999999,-0.04
0.000422,5.5999999,-0.04
0.000423,5.5999999,-0.04
0.000424,5.5999999,-0.04
0.000425,5.5999999,-0.04
0.000426,5.5999999,-0.04
0.000427,5.5999999,0
0.000428,5.5999999,0
0.000429,5.5999999,0
0.00043,5.5999999,0.04
0.000431,5.5999999,0.04
0.000432,5.5999999,0.04
0.000433,5.5999999,0.08
0.000434,5.5999999,0.08
0.000435,5.5999999,0.04
0.000436,5.5999999,0.08
0.000437,5.5999999,0.04
0.000438,5.5999999,0.04
0.000439,5.5999999,0.04
0.00044,5.5999999,0
0.000441,5.5999999,0.04
0.000442,5.5999999,0.04
0.000443,5.5999999,0.04
0.000444,5.5999999,0.04
0.000445,5.5999999,0.04
0.000446,5.5999999,0.04
0.000447,5.5999999,0
0.000448,5.5999999,0.04
0.000449,5.5999999,0.04
0.00045,5.5999999,0.04
0.000451,5.5999999,0
0.000452,5.5999999,0
0.000453,5.5999999,0
0.000454,5.5999999,0
0.000455,5.5999999,-0.04
0.000456,5.5999999,-0.04
0.000457,5.5999999,-0.04
0.000458,5.5999999,-0.04
0.000459,5.5999999,-0.04
0.00046,5.5999999,-0.04
0.000461,5.5999999,-0.04
0.000462,5.5999999,-0.04
0.000463,5.5999999,0
0.000464,5.5999999,0
0.000465,5.5999999,0
0.000466,5.5999999,0.08
0.000467,5.5999999,0.04
0.000468,5.5999999,0.12
0.000469,5.5999999,0.08
0.00047,5.5999999,0.08
0.000471,5.5999999,0.08
0.000472,5.5999999,0.04
0.000473,5.4000001,0.04
0.000474,5.4000001,0
0.000475,5.4000001,0
0.000476,5.4000001,0
0.000477,5.5999999,0
0.000478,5.5999999,0
0.000479,5.5999999,-0.04
0.00048,5.4000001,-0.04
0.000481,5.4000001,-0.04
0.000482,5.5999999,-0.04
0.000483,5.4000001,-0.04
0.000484,5.5999999,-0.04
0.000485,5.5999999,0
0.000486,5.5999999,0
0.000487,5.5999999,0
0.000488,5.5999999,0
0.000489,5.4000001,0
0.00049,5.5999999,0
0.000491,5.4000001,0
0.000492,5.4000001,0
0.000493,5.5999999,-0.04
0.000494,5.5999999,0
0.000495,5.5999999,0
0.000496,5.5999999,0
0.000497,5.4000001,0
0.000498,5.4000001,0
0.000499,5.5999999,0
0.0005,5.5999999,0.04
0.000501,5.4000001,0.04
0.000502,5.4000001,0.04
0.000503,5.4000001,0.04
0.000504,5.5999999,0.08
0.000505,5.5999999,0.04
0.000506,5.5999999,0.08
0.000507,5.5999999,0.04
0.000508,5.4000001,0.04
0.000509,5.4000001,0
0.00051,5.4000001,0
0.000511,5.4000001,-0.04
0.000512,5.4000001,-0.04
0.000513,5.4000001,-0.04
0.000514,5.4000001,-0.08
0.000515,5.4000001,-0.08
0.000516,5.4000001,-0.08
0.000517,5.4000001,-0.04
0.000518,5.4000001,-0.08
0.000519,5.4000001,-0.04
0.00052,5.4000001,-0.04
0.000521,5.4000001,-0.04
0.000522,5.4000001,0
0.000523,5.4000001,0
0.000524,5.4000001,0
0.000525,5.4000001,0.04
0.000526,5.4000001,0
0.000527,5.4000001,0
0.000528,5.4000001,0.04
0.000529,5.5999999,0
0.00053,5.5999999,0
0.000531,5.4000001,0
0.000532,5.4000001,0
0.000533,5.4000001,0
0.000534,5.4000001,0
0.000535,5.4000001,0
0.000536,5.4000001,0
0.000537,5.4000001,0
0.000538,5.5999999,0
0.000539,5.4000001,0
0.00054,5.4000001,0
0.000541,5.4000001,0
0.000542,5.5999999,0
0.000543,5.4000001,0
0.000544,5.5999999,0
0.000545,5.5999999,-0.04
0.000546,5.4000001,-0.04
0.000547,5.5999999,-0.08
0.000548,5.4000001,-0.04
0.000549,5.5999999,-0.08
0.00055,5.4000001,-0.08
0.000551,5.4000001,-0.08
0.000552,5.4000001,-0.08
0.000553,5.4000001,-0.04
0.000554,5.5999999,-0.08
0.000555,5.4000001,-0.04
0.000556,5.5999999,-0.04
0.000557,5.4000001,0
0.000558,5.4000001,0
0.000559,5.4000001,0.04
0.00056,5.5999999,0.04
0.000561,5.5999999,0.08
0.000562,5.4000001,0.08
0.000563,5.5999999,0.04
0.000564,5.5999999,0.08
0.000565,5.5999999,0.04
0.000566,5.5999999,0.04
0.000567,5.5999999,0.04
0.000568,5.5999999,0
0.000569,5.5999999,-0.04
0.00057,5.5999999,-0.04
0.000571,5.5999999,-0.04
0.000572,5.4000001,-0.04
0.000573,5.5999999,-0.04
0.000574,5.5999999,-0.04
0.000575,5.5999999,-0.04
0.000576,5.5999999,-0.04
0.000577,5.4000001,-0.04
0.000578,5.5999999,-0.04
0.000579,5.5999999,-0.04
0.00058,5.5999999,0
0.000581,5.5999999,0
0.000582,5.5999999,-0.04
0.000583,5.5999999,-0.04
0.000584,5.5999999,-0.04
0.000585,5.5999999,-0.04
0.000586,5.5999999,-0.04
0.000587,5.5999999,-0.04
0.000588,5.5999999,-0.04
0.000589,5.5999999,-0.04
0.00059,5.5999999,-0.04
0.000591,5.5999999,0
0.000592,5.5999999,0
0.000593,5.5999999,0
0.000594,5.5999999,0.04
0.000595,5.5999999,0.08
0.000596,5.5999999,0.08
0.000597,5.5999999,0.08
0.000598,5.5999999,0.08
0.000599,5.5999999,0.08
0.0006,5.5999999,0.04
0.000601,5.5999999,0.04
0.000602,5.5999999,0.04
0.000603,5.5999999,0
0.000604,5.5999999,0
0.000605,5.5999999,-0.04
0.000606,5.5999999,-0.08
0.000607,5.5999999,-0.08
0.000608,5.5999999,-0.08
0.000609,5.80000019,-0.08
0.00061,5.5999999,-0.08
0.000611,5.5999999,-0.08
0.000612,5.5999999,-0.08
0.000613,5.5999999,-0.04
0.000614,5.80000019,-0.04
0.000615,5.80000019,0
0.000616,5.80000019,0
0.000617,5.80000019,0
0.000618,5.80000019,0.04
0.000619,5.5999999,0
0.00062,5.80000019,0.04
0.000621,5.80000019,0
0.000622,5.5999999,0
0.000623,5.80000019,0
0.000624,5.80000019,0
0.000625,5.80000019,0
0.000626,5.80000019,0
0.000627,5.80000019,0
0.000628,5.80000019,0
0.000629,5.80000019,0.04
0.00063,5.80000019,0
0.000631,5.80000019,0.04
0.000632,5.80000019,0.04
0.000633,5.80000019,0
0.000634,5.80000019,0
0.000635,5.80000019,0
0.000636,6,0
0.000637,5.80000019,0
0.000638,5.80000019,0
0.000639,6,-0.04
0.00064,5.80000019,-0.04
0.000641,6,-0.04
0.000642,6,-0.08
0.000643,6,-0.08
0.000644,6,-0.08
0.000645,6,-0.08
0.000646,6,-0.08
0.000647,6,-0.08
0.000648,6,-0.04
0.000649,6,0
0.00065,6,0
0.000651,6,0
0.000652,6,0.04
0.000653,6,0.08
0.000654,6,0.08
0.000655,6.20000029,0.08
0.000656,6,0.08
0.000657,6,0.08
0.000658,6,0.04
0.000659,6.20000029,0.04
0.00066,6.20000029,0.04
0.000661,6.20000029,0
0.000662,6.20000029,0
0.000663,6.20000029,0
0.000664,6.20000029,-0.04
0.000665,6.20000029,-0.04
0.000666,6.20000029,-0.04
0.000667,6.20000029,-0.04
0.000668,6.20000029,-0.04
0.000669,6.20000029,0
0.00067,6.20000029,-0.04
0.000671,6.20000029,0
0.000672,6.20000029,0
0.000673,6.20000029,-0.04
0.000674,6.20000029,0
0.000675,6.20000029,-0.04
0.000676,6.20000029,0
0.000677,6.20000029,0
0.000678,6.20000029,0
0.000679,6.4000001,-0.04
0.00068,6.20000029,-0.04
0.000681,6.20000029,0
0.000682,6.4000001,-0.04
0.000683,6.4000001,0
0.000684,6.4000001,0
0.000685,6.4000001,0
0.000686,6.4000001,0.04
0.000687,6.4000001,0.04
0.000688,6.4000001,0.08
0.000689,6.4000001,0.08
0.00069,6.4000001,0.08
0.000691,6.4000001,0.08
0.000692,6.4000001,0.08
0.000693,6.4000001,0.08
0.000694,6.4000001,0.04
0.000695,6.5999999,0.04
0.000696,6.5999999,0
0.000697,6.5999999,0
0.000698,6.4000001,0
0.000699,6.5999999,-0.04
0.0007,6.5999999,-0.08
0.000701,6.80000019,-0.08
0.000702,6.5999999,-0.08
0.000703,6.5999999,-0.08
0.000704,6.5999999,-0.04
0.000705,6.5999999,-0.04
0.000706,6.80000019,-0.04
0.000707,6.80000019,0
0.000708,6.80000019,0
0.000709,6.80000019,0.04
0.00071,6.80000019,0.04
0.000711,6.80000019,0.04
0.000712,6.80000019,0.04
0.000713,6.80000019,0.04
0.000714,6.80000019,0.04
0.000715,6.80000019,0.04
0.000716,6.80000019,0.04
0.000717,6.80000019,0.04
0.000718,7,0.04
0.000719,6.80000019,0.04
0.00072,6.80000019,0.04
0.000721,6.80000019,0.04
0.000722,6.80000019,0.04
0.000723,7,0.04
0.000724,7,0.04
0.000725,7,0.04
0.000726,7,0.04
0.000727,7.20000029,0.04
0.000728,7,0.04
0.000729,7,0.04
0.00073,7,0
0.000731,7,0
0.000732,7.20000029,0
0.000733,7.20000029,-0.04
0.000734,7.20000029,-0.04
0.000735,7.20000029,-0.04
0.000736,7.20000029,-0.04
0.000737,7.20000029,-0.08
0.000738,7.400000095,-0.04
0.000739,7.400000095,-0.04
0.00074,7.400000095,-0.04
0.000741,7.400000095,0
0.000742,7.400000095,0
0.000743,7.400000095,0
0.000744,7.400000095,0.04
0.000745,7.400000095,0.08
0.000746,7.400000095,0.08
0.000747,7.400000095,0.12
0.000748,7.400000095,0.12
0.000749,7.400000095,0.08
0.00075,7.400000095,0.12
0.000751,7.400000095,0.08
0.000752,7.599999905,0.08
0.000753,7.400000095,0.04
0.000754,7.599999905,0.04
0.000755,7.599999905,0.04
0.000756,7.599999905,0
0.000757,7.599999905,0.04
0.000758,7.400000095,0
0.000759,7.599999905,0
0.00076,7.599999905,0
0.000761,7.599999905,0
0.000762,7.800000191,0
0.000763,7.800000191,0
0.000764,7.599999905,0
0.000765,7.800000191,0
0.000766,7.599999905,0
0.000767,7.800000191,0
0.000768,7.800000191,0
0.000769,7.800000191,0
0.00077,7.800000191,0
0.000771,7.800000191,0
0.000772,7.800000191,0
0.000773,7.800000191,0
0.000774,7.800000191,0
0.000775,7.800000191,0
0.000776,8,0
0.000777,8,0.04
0.000778,8,0.04
0.000779,8,0.08
0.00078,8,0.08
0.000781,8,0.08
0.000782,8,0.08
0.000783,8,0.12
0.000784,8,0.12
0.000785,8,0.12
0.000786,8,0.08
0.000787,8,0.08
0.000788,8,0.04
0.000789,8,0.04
0.00079,8,0.04
0.000791,8,0
0.000792,8,0
0.000793,8.199999809,-0.04
0.000794,8,-0.04
0.000795,8.199999809,-0.08
0.000796,8.199999809,-0.04
0.000797,8.199999809,-0.04
0.000798,8.199999809,-0.04
0.000799,8.199999809,-0.04
0.0008,8.199999809,0
0.000801,8.199999809,0
0.000802,8.199999809,0.04
0.000803,8.199999809,0.04
0.000804,8.199999809,0.04
0.000805,8.400000572,0.08
0.000806,8.199999809,0.04
0.000807,8.400000572,0.04
0.000808,8.400000572,0.04
0.000809,8.199999809,0.04
0.00081,8.199999809,0.08
0.000811,8.400000572,0.04
0.000812,8.400000572,0.04
0.000813,8.199999809,0.08
0.000814,8.400000572,0.04
0.000815,8.199999809,0.08
0.000816,8.400000572,0.08
0.000817,8.400000572,0.08
0.000818,8.400000572,0.08
0.000819,8.400000572,0.08
0.00082,8.400000572,0.04
0.000821,8.400000572,0.08
0.000822,8.600000381,0.04
0.000823,8.400000572,0.04
0.000824,8.400000572,0.04
0.000825,8.400000572,0
0.000826,8.400000572,-0.04
0.000827,8.600000381,-0.04
0.000828,8.600000381,-0.04
0.000829,8.600000381,-0.08
0.00083,8.600000381,-0.08
0.000831,8.600000381,-0.08
0.000832,8.600000381,-0.08
0.000833,8.600000381,-0.04
0.000834,8.400000572,-0.04
0.000835,8.600000381,0
0.000836,8.600000381,0.04
0.000837,8.600000381,0.04
0.000838,8.600000381,0.08
0.000839,8.600000381,0.08
0.00084,8.600000381,0.12
0.000841,8.600000381,0.12
0.000842,8.600000381,0.08
0.000843,8.600000381,0.12
0.000844,8.600000381,0.08
0.000845,8.600000381,0.08
0.000846,8.600000381,0.08
0.000847,8.600000381,0.04
0.000848,8.600000381,0.04
0.000849,8.600000381,0
0.00085,8.600000381,0
0.000851,8.800000191,0
0.000852,8.600000381,0
0.000853,8.800000191,0
0.000854,8.600000381,0
0.000855,8.800000191,0
0.000856,8.800000191,0
0.000857,8.600000381,0
0.000858,8.800000191,0
0.000859,8.800000191,0
0.00086,8.800000191,0
0.000861,8.800000191,0
0.000862,8.800000191,0
0.000863,8.800000191,0
0.000864,8.800000191,-0.04
0.000865,8.800000191,0
0.000866,8.800000191,0
0.000867,8.800000191,0
0.000868,8.800000191,0
0.000869,9,0
0.00087,8.800000191,0
0.000871,8.800000191,0.04
0.000872,8.800000191,0.04
0.000873,8.800000191,0.08
0.000874,8.800000191,0.08
0.000875,9,0.08
0.000876,9,0.12
0.000877,9,0.12
0.000878,9,0.08
0.000879,8.800000191,0.12
0.00088,9,0.08
0.000881,9,0.08
0.000882,9,0.04
0.000883,9,0
0.000884,9,0
0.000885,9,0
0.000886,9,-0.04
0.000887,9,-0.04
0.000888,9,-0.04
0.000889,9,-0.08
0.00089,9,-0.08
0.000891,9,-0.04
0.000892,9.199999809,-0.04
0.000893,9,-0.04
0.000894,9.199999809,-0.04
0.000895,9.199999809,0
0.000896,9.199999809,0.04
0.000897,9.199999809,0.04
0.000898,9.199999809,0.04
0.000899,9.199999809,0.08
0.0009,9.199999809,0.08
0.000901,9.199999809,0.08
0.000902,9.199999809,0.04
0.000903,9.199999809,0.04
0.000904,9.199999809,0.08
0.000905,9.199999809,0.08
0.000906,9.199999809,0.08
0.000907,9.199999809,0.08
0.000908,9.199999809,0.08
0.000909,9.199999809,0.08
0.00091,9.199999809,0.08
0.000911,9.199999809,0.08
0.000912,9.199999809,0.08
0.000913,9.199999809,0.08
0.000914,9.199999809,0.08
0.000915,9.199999809,0.08
0.000916,9.199999809,0.04
0.000917,9.199999809,0
0.000918,9.199999809,0
0.000919,9.199999809,0
0.00092,9.400000572,-0.04
0.000921,9.400000572,-0.08
0.000922,9.400000572,-0.08
0.000923,9.400000572,-0.08
0.000924,9.400000572,-0.08
0.000925,9.400000572,-0.04
0.000926,9.400000572,-0.08
0.000927,9.400000572,0
0.000928,9.400000572,0
0.000929,9.400000572,0
0.00093,9.400000572,0.04
0.000931,9.400000572,0.04
0.000932,9.400000572,0.04
0.000933,9.400000572,0.08
0.000934,9.400000572,0.08
0.000935,9.400000572,0.12
0.000936,9.400000572,0.08
0.000937,9.400000572,0.08
0.000938,9.400000572,0.08
0.000939,9.400000572,0.08
0.00094,9.400000572,0.08
0.000941,9.600000381,0.08
0.000942,9.400000572,0
0.000943,9.600000381,0
0.000944,9.400000572,0
0.000945,9.400000572,0
0.000946,9.400000572,0
0.000947,9.600000381,0
0.000948,9.600000381,0
0.000949,9.400000572,0
0.00095,9.600000381,0
0.000951,9.600000381,0
0.000952,9.600000381,0
0.000953,9.600000381,0
0.000954,9.400000572,0
0.000955,9.600000381,0
0.000956,9.600000381,-0.04
0.000957,9.600000381,-0.04
0.000958,9.600000381,-0.04
0.000959,9.600000381,-0.04
0.00096,9.600000381,-0.04
0.000961,9.600000381,-0.04
0.000962,9.600000381,0
0.000963,9.600000381,0
0.000964,9.600000381,0.04
0.000965,9.600000381,0.04
0.000966,9.600000381,0.08
0.000967,9.600000381,0.08
0.000968,9.600000381,0.08
0.000969,9.600000381,0.08
0.00097,9.600000381,0.08
0.000971,9.600000381,0.08
0.000972,9.600000381,0.08
0.000973,9.600000381,0.08
0.000974,9.600000381,0.08
0.000975,9.600000381,0.04
0.000976,9.600000381,0
0.000977,9.600000381,0
0.000978,9.600000381,0
0.000979,9.600000381,-0.08
0.00098,9.600000381,-0.08
0.000981,9.600000381,-0.08
0.000982,9.600000381,-0.08
0.000983,9.600000381,-0.08
0.000984,9.600000381,-0.04
0.000985,9.600000381,-0.04
0.000986,9.600000381,-0.04
0.000987,9.600000381,-0.04
0.000988,9.600000381,0
0.000989,9.600000381,0
0.00099,9.600000381,0
0.000991,9.600000381,0
0.000992,9.800000191,0.04
0.000993,9.600000381,0.04
0.000994,9.600000381,0.04
0.000995,9.600000381,0.04
0.000996,9.600000381,0.04
0.000997,9.600000381,0.04
0.000998,9.800000191,0.04
0.000999,9.600000381,0.04
0.001,9.600000381,0.04
0.001,9.600000381,0.04
0.001,9.600000381,0.04
0.001,9.600000381,0.04
0.001,9.600000381,0.08
0.00101,9.600000381,0.08
0.00101,9.600000381,0.04
0.00101,9.600000381,0.04
0.00101,9.600000381,0.04
0.00101,9.600000381,0
0.00101,9.600000381,0
0.00101,9.600000381,0
0.00101,9.600000381,-0.04
0.00101,9.600000381,-0.04
0.00101,9.600000381,-0.08
0.00101,9.600000381,-0.08
0.00102,9.600000381,-0.08
0.00102,9.600000381,-0.12
0.00102,9.600000381,-0.08
0.00102,9.600000381,-0.08
0.00102,9.800000191,-0.04
0.00102,9.800000191,-0.04
0.00102,9.800000191,0
0.00102,9.800000191,0
0.00102,9.600000381,0.04
0.00103,9.800000191,0.08
0.00103,9.800000191,0.08
0.00103,9.800000191,0.08
0.00103,9.600000381,0.08
0.00103,9.800000191,0.08
0.00103,9.800000191,0.08
0.00103,9.800000191,0.08
0.00103,9.800000191,0.08
0.00103,9.800000191,0.08
0.00103,9.800000191,0.08
0.00104,9.800000191,0
0.00104,9.800000191,0
0.00104,9.600000381,0
0.00104,9.800000191,0
0.00104,9.800000191,-0.04
0.00104,9.800000191,0
0.00104,9.800000191,0
0.00104,9.800000191,-0.04
0.00104,9.800000191,0
0.00104,9.800000191,0
0.00104,9.800000191,0
0.00105,9.800000191,-0.04
0.00105,9.800000191,-0.04
0.00105,9.800000191,-0.04
0.00105,9.800000191,-0.08
0.00105,9.800000191,-0.04
0.00105,10,-0.04
0.00105,9.800000191,-0.04
0.00105,9.800000191,-0.04
0.00105,9.800000191,-0.04
0.00106,9.800000191,0
0.00106,9.800000191,0
0.00106,9.800000191,0
0.00106,9.800000191,0.04
0.00106,9.800000191,0.08
0.00106,9.800000191,0.08
0.00106,9.800000191,0.08
0.00106,9.800000191,0.16
0.00106,9.800000191,0.12
0.00106,9.800000191,0.12
0.00107,9.800000191,0.08
0.00107,9.800000191,0.08
0.00107,10,0.08
0.00107,10,0.04
0.00107,10,0
0.00107,10,0
0.00107,10,-0.04
0.00107,10,-0.04
0.00107,10,-0.08
0.00107,10,-0.08
0.00107,10,-0.08
0.00108,10,-0.08
0.00108,10,-0.04
0.00108,10.1999998,-0.04
0.00108,10,-0.04
0.00108,10.1999998,-0.04
0.00108,10,0
0.00108,10.1999998,0
0.00108,10,0
0.00108,10,0.04
0.00109,10,0
0.00109,10,0.04
0.00109,10.1999998,0.04
0.00109,10,0.04
0.00109,10.1999998,0.04
0.00109,10.1999998,0.04
0.00109,10.1999998,0.04
0.00109,10.1999998,0.04
0.00109,10.1999998,0.04
0.00109,10.1999998,0.04
0.0011,10.1999998,0.08
0.0011,10.1999998,0.08
0.0011,10.1999998,0.08
0.0011,10.1999998,0.04
0.0011,10.1999998,0.08
0.0011,10.1999998,0.04
0.0011,10.1999998,0.04
0.0011,10.1999998,0
0.0011,10.1999998,0.04
0.0011,10.1999998,-0.04
0.0011,10,-0.04
0.00111,10.1999998,-0.04
0.00111,10.1999998,-0.08
0.00111,10.1999998,-0.08
0.00111,10.1999998,-0.08
0.00111,10.1999998,-0.08
0.00111,10.1999998,-0.08
0.00111,10.1999998,-0.08
0.00111,10.1999998,-0.08
0.00111,10.1999998,-0.04
0.00112,10.1999998,0
0.00112,10.1999998,0
0.00112,10.1999998,0.04
0.00112,10.1999998,0.04
0.00112,10.1999998,0.08
0.00112,10.1999998,0.08
0.00112,10.1999998,0.08
0.00112,10,0.08
0.00112,10.1999998,0.08
0.00112,10.1999998,0.08
0.00113,10.1999998,0.08
0.00113,10.1999998,0.04
0.00113,10.1999998,0.04
0.00113,10,0.04
0.00113,10,0
0.00113,10.1999998,0
0.00113,10.1999998,0
0.00113,10.1999998,0
0.00113,10.1999998,0
0.00113,10.1999998,0
0.00113,10.1999998,-0.04
0.00114,10.1999998,0
0.00114,10.1999998,0
0.00114,10.1999998,0
0.00114,10.1999998,-0.04
0.00114,10,-0.04
0.00114,10,-0.04
0.00114,10,-0.08
0.00114,10.1999998,-0.04
0.00114,10,-0.08
0.00115,10,-0.08
0.00115,10,-0.08
0.00115,10,-0.08
0.00115,10,-0.04
0.00115,10,0
0.00115,10,0
0.00115,10,0.04
0.00115,10,0.04
0.00115,10,0.08
0.00115,10,0.08
0.00115,10,0.08
0.00116,9.800000191,0.12
0.00116,10,0.08
0.00116,9.800000191,0.08
0.00116,9.800000191,0.08
0.00116,9.800000191,0.04
0.00116,9.800000191,0.04
0.00116,9.800000191,0
0.00116,9.800000191,0
0.00116,9.800000191,-0.04
0.00116,10,-0.08
0.00117,9.800000191,-0.08
0.00117,9.800000191,-0.08
0.00117,9.800000191,-0.12
0.00117,9.800000191,-0.08
0.00117,9.800000191,-0.08
0.00117,9.800000191,-0.08
0.00117,9.800000191,-0.08
0.00117,9.800000191,-0.04
0.00117,9.800000191,-0.04
0.00118,9.800000191,-0.04
0.00118,9.800000191,-0.04
0.00118,9.800000191,-0.04
0.00118,9.800000191,0
0.00118,9.800000191,0
0.00118,9.800000191,0
0.00118,9.800000191,0
0.00118,9.800000191,0
0.00118,9.800000191,0
0.00118,9.800000191,0
0.00118,9.800000191,0.04
0.00119,9.600000381,0.04
0.00119,9.800000191,0.04
0.00119,9.800000191,0
0.00119,9.600000381,0.04
0.00119,9.800000191,0.04
0.00119,9.800000191,0.04
0.00119,9.800000191,0.04
0.00119,9.600000381,0.04
0.00119,9.600000381,0.04
0.00119,9.600000381,0
0.0012,9.600000381,0
0.0012,9.800000191,-0.04
0.0012,9.600000381,-0.08
0.0012,9.600000381,-0.08
0.0012,9.600000381,-0.12
0.0012,9.600000381,-0.12
0.0012,9.600000381,-0.12
0.0012,9.600000381,-0.16
0.0012,9.600000381,-0.12
0.00121,9.600000381,-0.12
0.00121,9.600000381,-0.08
0.00121,9.600000381,-0.08
0.00121,9.600000381,-0.04
0.00121,9.600000381,-0.04
